ids,ORIGIN_AIRPORT,AIRLINE,FLIGHT_COUNT,AVERAGE_DEPARTURE_DELAY,parents_origin
0,ABE,DL,308,2.9123376623376624,Airports
1,ABE,EV,1869,9.765650080256822,Airports
2,ABE,OO,50,3.94,Airports
3,ABI,MQ,2231,5.747646795159121,Airports
4,ABQ,AA,1820,8.063186813186814,Airports
5,ABQ,AS,332,-6.72289156626506,Airports
6,ABQ,B6,271,15.586715867158672,Airports
7,ABQ,DL,1237,5.3096200485044465,Airports
8,ABQ,EV,405,5.288888888888889,Airports
9,ABQ,MQ,455,13.263736263736265,Airports
10,ABQ,OO,3249,4.8747306863650355,Airports
11,ABQ,UA,339,14.008849557522124,Airports
12,ABQ,US,48,2.1875,Airports
13,ABQ,WN,10762,10.625069689648765,Airports
14,ABR,OO,663,10.10105580693816,Airports
15,ABY,EV,866,8.75635103926097,Airports
16,ACK,B6,485,16.406185567010308,Airports
17,ACT,EV,1019,7.40431795878312,Airports
18,ACT,MQ,519,6.980732177263969,Airports
19,ACV,OO,1268,11.964511041009464,Airports
20,ACY,NK,3527,9.964842642472355,Airports
21,ADK,AS,88,10.409090909090908,Airports
22,ADQ,AS,437,0.40503432494279173,Airports
23,AEX,EV,2259,8.178397521027003,Airports
24,AEX,MQ,795,11.833962264150943,Airports
25,AGS,DL,696,6.175287356321839,Airports
26,AGS,EV,1637,9.540623091020159,Airports
27,AGS,OO,11,-0.8181818181818182,Airports
28,AGS,UA,1,14.0,Airports
29,AKN,AS,63,2.6825396825396823,Airports
30,ALB,AA,342,2.973684210526316,Airports
31,ALB,B6,44,12.522727272727273,Airports
32,ALB,DL,1194,6.501675041876047,Airports
33,ALB,EV,715,6.78041958041958,Airports
34,ALB,OO,86,12.093023255813954,Airports
35,ALB,UA,637,11.133437990580848,Airports
36,ALB,US,355,4.48169014084507,Airports
37,ALB,WN,3949,6.399088376804254,Airports
38,ALO,MQ,581,5.554216867469879,Airports
39,AMA,EV,1106,7.383363471971067,Airports
40,AMA,MQ,996,8.36847389558233,Airports
41,AMA,OO,451,7.445676274944567,Airports
42,AMA,WN,1521,5.9171597633136095,Airports
43,ANC,AA,268,20.992537313432837,Airports
44,ANC,AS,11990,0.34111759799833197,Airports
45,ANC,B6,385,10.768831168831168,Airports
46,ANC,DL,2011,6.017404276479364,Airports
47,ANC,UA,1002,26.303393213572853,Airports
48,ANC,US,162,1.5679012345679013,Airports
49,APN,OO,546,4.983516483516484,Airports
50,ASE,MQ,437,33.94279176201373,Airports
51,ASE,OO,2826,14.83581033262562,Airports
52,ATL,AA,7367,6.420523958191937,Airports
53,ATL,AS,428,5.707943925233645,Airports
54,ATL,DL,220400,7.869319419237749,Airports
55,ATL,EV,56156,10.142602749483581,Airports
56,ATL,F9,4459,21.878223816999327,Airports
57,ATL,MQ,1178,17.00509337860781,Airports
58,ATL,NK,4310,23.44199535962877,Airports
59,ATL,OO,4106,13.471992206527034,Airports
60,ATL,UA,3310,17.17522658610272,Airports
61,ATL,US,2886,4.169438669438669,Airports
62,ATL,WN,38906,12.715725080964376,Airports
63,ATW,DL,443,3.6930022573363432,Airports
64,ATW,EV,1460,6.089041095890411,Airports
65,ATW,OO,856,5.692757009345795,Airports
66,AUS,AA,7823,8.066342835229452,Airports
67,AUS,AS,400,8.24,Airports
68,AUS,B6,2175,10.925057471264369,Airports
69,AUS,DL,3431,8.524336928009326,Airports
70,AUS,EV,323,3.585139318885449,Airports
71,AUS,F9,1205,16.23485477178423,Airports
72,AUS,OO,2854,11.959004905395936,Airports
73,AUS,UA,4227,13.903477643718949,Airports
74,AUS,US,460,11.263043478260869,Airports
75,AUS,VX,1370,5.404379562043796,Airports
76,AUS,WN,17124,10.097173557580005,Airports
77,AVL,DL,637,9.392464678178964,Airports
78,AVL,EV,1347,9.100965107646623,Airports
79,AVL,OO,689,9.133526850507982,Airports
80,AVP,DL,123,8.926829268292684,Airports
81,AVP,EV,1203,8.88778054862843,Airports
82,AZO,EV,242,8.214876033057852,Airports
83,AZO,MQ,1190,2.5025210084033613,Airports
84,AZO,OO,311,3.57556270096463,Airports
85,BDL,AA,1790,4.5374301675977655,Airports
86,BDL,B6,3178,10.071743234738829,Airports
87,BDL,DL,4039,4.192374350086655,Airports
88,BDL,EV,1228,8.863192182410424,Airports
89,BDL,MQ,378,12.912698412698413,Airports
90,BDL,OO,516,14.3468992248062,Airports
91,BDL,UA,554,14.720216606498195,Airports
92,BDL,US,811,2.4821208384710234,Airports
93,BDL,WN,5881,8.299438870940316,Airports
94,BET,AS,880,1.7965909090909091,Airports
95,BFL,OO,2587,5.812137611132586,Airports
96,BGM,EV,197,10.720812182741117,Airports
97,BGM,OO,62,10.258064516129032,Airports
98,BGR,DL,189,3.4603174603174605,Airports
99,BGR,EV,174,8.53448275862069,Airports
100,BHM,AA,221,17.06787330316742,Airports
101,BHM,DL,3033,6.373227827233762,Airports
102,BHM,EV,3158,9.66529449018366,Airports
103,BHM,MQ,902,12.618625277161863,Airports
104,BHM,OO,877,10.663625997719498,Airports
105,BHM,WN,4091,8.638230261549744,Airports
106,BIL,DL,981,-0.047910295616717634,Airports
107,BIL,EV,79,-4.455696202531645,Airports
108,BIL,OO,1142,1.3774080560420314,Airports
109,BIL,UA,649,4.6810477657935285,Airports
110,BIS,DL,277,-1.4151624548736461,Airports
111,BIS,EV,139,6.129496402877698,Airports
112,BIS,F9,101,5.356435643564357,Airports
113,BIS,MQ,637,12.241758241758241,Airports
114,BIS,OO,2228,6.381956912028725,Airports
115,BJI,OO,664,5.433734939759036,Airports
116,BLI,AS,704,-0.4190340909090909,Airports
117,BMI,EV,982,8.660896130346233,Airports
118,BMI,F9,36,44.77777777777778,Airports
119,BMI,MQ,1521,4.252465483234714,Airports
120,BMI,OO,81,10.82716049382716,Airports
121,BNA,AA,3914,7.8730199284619315,Airports
122,BNA,AS,68,3.4705882352941178,Airports
123,BNA,DL,4628,7.311581676750216,Airports
124,BNA,EV,2948,7.708955223880597,Airports
125,BNA,F9,321,7.566978193146418,Airports
126,BNA,MQ,3732,13.443461950696678,Airports
127,BNA,OO,2920,11.683219178082192,Airports
128,BNA,UA,401,12.673316708229427,Airports
129,BNA,US,667,3.0464767616191906,Airports
130,BNA,WN,26772,10.00799342596743,Airports
131,BOI,AA,357,5.072829131652661,Airports
132,BOI,DL,1049,2.1830314585319353,Airports
133,BOI,OO,6245,9.760768614891914,Airports
134,BOI,UA,551,14.279491833030853,Airports
135,BOI,US,393,3.4834605597964376,Airports
136,BOI,WN,2929,8.472516217138955,Airports
137,BOS,AA,17176,4.972403353516535,Airports
138,BOS,AS,1382,4.29739507959479,Airports
139,BOS,B6,37067,9.405077292470391,Airports
140,BOS,DL,13897,11.99064546304958,Airports
141,BOS,EV,2212,8.505424954792044,Airports
142,BOS,NK,2174,15.113615455381785,Airports
143,BOS,OO,252,10.226190476190476,Airports
144,BOS,UA,11002,14.595164515542628,Airports
145,BOS,US,8401,5.0960599928579935,Airports
146,BOS,VX,1542,7.114785992217898,Airports
147,BOS,WN,9699,12.386328487472936,Airports
148,BPT,EV,488,16.471311475409838,Airports
149,BPT,MQ,417,17.664268585131893,Airports
150,BQK,EV,869,8.138089758342923,Airports
151,BQN,B6,883,5.780294450736127,Airports
152,BQN,NK,161,11.099378881987578,Airports
153,BQN,UA,287,33.393728222996515,Airports
154,BRD,OO,582,-0.06529209621993128,Airports
155,BRO,EV,2114,4.475875118259224,Airports
156,BRO,MQ,92,18.902173913043477,Airports
157,BRO,OO,52,-3.173076923076923,Airports
158,BRW,AS,822,1.186131386861314,Airports
159,BTM,OO,647,0.6553323029366306,Airports
160,BTR,DL,314,9.337579617834395,Airports
161,BTR,EV,6146,10.98877318581191,Airports
162,BTR,MQ,507,10.435897435897436,Airports
163,BTR,OO,14,23.5,Airports
164,BTR,UA,2,56.0,Airports
165,BTV,B6,996,7.85140562248996,Airports
166,BTV,DL,89,1.5730337078651686,Airports
167,BTV,EV,1698,11.18080094228504,Airports
168,BTV,UA,101,4.297029702970297,Airports
169,BUF,AA,537,2.6201117318435756,Airports
170,BUF,B6,4011,6.306158065320369,Airports
171,BUF,DL,2376,5.324074074074074,Airports
172,BUF,EV,1606,8.420921544209216,Airports
173,BUF,MQ,929,7.953713670613563,Airports
174,BUF,OO,114,9.833333333333334,Airports
175,BUF,UA,503,15.003976143141154,Airports
176,BUF,US,653,4.055130168453292,Airports
177,BUF,WN,5747,7.8654950408909,Airports
178,BUR,AS,1009,-3.284440039643211,Airports
179,BUR,B6,302,15.0,Airports
180,BUR,OO,3962,6.180716809692075,Airports
181,BUR,WN,13254,6.418137920627735,Airports
182,BWI,AA,4056,9.235700197238659,Airports
183,BWI,AS,412,7.327669902912621,Airports
184,BWI,B6,1734,3.949826989619377,Airports
185,BWI,DL,6465,8.701005413766435,Airports
186,BWI,EV,340,7.08235294117647,Airports
187,BWI,MQ,1043,17.20613614573346,Airports
188,BWI,NK,2768,18.90534682080925,Airports
189,BWI,OO,1,156.0,Airports
190,BWI,UA,2955,12.582402707275804,Airports
191,BWI,US,1864,5.708154506437769,Airports
192,BWI,WN,62691,14.253529214719816,Airports
193,BZN,DL,1078,4.924860853432282,Airports
194,BZN,F9,189,-0.30687830687830686,Airports
195,BZN,OO,1613,3.5809051456912586,Airports
196,BZN,UA,677,14.726735598227474,Airports
197,CAE,DL,1010,4.527722772277228,Airports
198,CAE,EV,3821,11.127191834598273,Airports
199,CAE,MQ,162,16.203703703703702,Airports
200,CAE,OO,33,25.575757575757574,Airports
201,CAK,DL,1334,5.813343328335832,Airports
202,CAK,EV,1485,5.114478114478114,Airports
203,CAK,OO,44,8.681818181818182,Airports
204,CAK,WN,3111,6.512696882031501,Airports
205,CDC,OO,572,3.1625874125874125,Airports
206,CDV,AS,652,-3.26840490797546,Airports
207,CEC,OO,173,17.184971098265898,Airports
208,CHA,DL,774,5.332041343669251,Airports
209,CHA,EV,2645,8.412476370510397,Airports
210,CHA,MQ,637,10.210361067503925,Airports
211,CHA,OO,69,6.159420289855072,Airports
212,CHO,DL,320,1.028125,Airports
213,CHO,EV,559,8.500894454382827,Airports
214,CHO,MQ,233,16.098712446351932,Airports
215,CHO,OO,980,17.727551020408164,Airports
216,CHS,AA,141,-1.2907801418439717,Airports
217,CHS,AS,26,-1.9230769230769231,Airports
218,CHS,B6,1762,11.427922814982974,Airports
219,CHS,DL,3581,5.02904216699246,Airports
220,CHS,EV,2585,10.018181818181818,Airports
221,CHS,MQ,485,10.690721649484535,Airports
222,CHS,OO,561,15.105169340463458,Airports
223,CHS,UA,3,1.3333333333333333,Airports
224,CHS,US,64,2.015625,Airports
225,CHS,WN,2340,8.261965811965812,Airports
226,CID,EV,1890,7.8693121693121695,Airports
227,CID,F9,101,8.554455445544555,Airports
228,CID,MQ,2572,11.076594090202176,Airports
229,CID,OO,2025,9.899753086419754,Airports
230,CIU,OO,596,10.692953020134228,Airports
231,CLD,OO,628,5.353503184713376,Airports
232,CLE,AA,1762,7.447219069239501,Airports
233,CLE,B6,627,3.6443381180223287,Airports
234,CLE,DL,2273,4.304443466783986,Airports
235,CLE,EV,9942,6.25819754576544,Airports
236,CLE,F9,2980,18.129194630872483,Airports
237,CLE,MQ,1868,11.591006423982869,Airports
238,CLE,NK,2122,13.398680490103676,Airports
239,CLE,OO,457,10.369803063457331,Airports
240,CLE,UA,6461,9.444203683640303,Airports
241,CLE,US,910,-0.25054945054945055,Airports
242,CLE,WN,4363,6.448086179234472,Airports
243,CLL,EV,692,1.75,Airports
244,CLL,MQ,1508,3.343501326259947,Airports
245,CLT,AA,41447,8.695176973001665,Airports
246,CLT,B6,1240,12.612096774193548,Airports
247,CLT,DL,5974,6.295614328757951,Airports
248,CLT,EV,3297,11.866545344252351,Airports
249,CLT,F9,551,12.433756805807622,Airports
250,CLT,MQ,114,10.973684210526315,Airports
251,CLT,OO,708,20.0225988700565,Airports
252,CLT,UA,269,14.070631970260223,Airports
253,CLT,US,43705,7.567234870152157,Airports
254,CLT,WN,1747,11.764167143674872,Airports
255,CMH,AA,1871,6.810796365579904,Airports
256,CMH,DL,3026,5.854923992068738,Airports
257,CMH,EV,2374,10.778011794439765,Airports
258,CMH,MQ,4349,13.835824327431594,Airports
259,CMH,OO,874,11.996567505720824,Airports
260,CMH,UA,691,13.9232995658466,Airports
261,CMH,US,491,5.291242362525458,Airports
262,CMH,WN,9881,8.581418884728267,Airports
263,CMI,MQ,1994,7.506519558676028,Airports
264,CMX,OO,619,6.55735056542811,Airports
265,CNY,OO,205,-6.058536585365854,Airports
266,COD,OO,651,7.204301075268817,Airports
267,COS,AA,1052,7.054182509505703,Airports
268,COS,DL,305,7.527868852459016,Airports
269,COS,EV,495,7.109090909090909,Airports
270,COS,OO,4893,9.984671980380135,Airports
271,COU,MQ,1241,14.667203867848508,Airports
272,CPR,OO,1744,0.9696100917431193,Airports
273,CRP,EV,2558,7.650508209538702,Airports
274,CRP,MQ,729,8.001371742112482,Airports
275,CRP,OO,194,5.206185567010309,Airports
276,CRP,WN,1235,7.880161943319838,Airports
277,CRW,DL,314,6.273885350318471,Airports
278,CRW,EV,1898,12.369336143308747,Airports
279,CRW,NK,64,7.859375,Airports
280,CRW,OO,39,14.076923076923077,Airports
281,CSG,EV,1060,5.574528301886793,Airports
282,CVG,DL,5791,4.871697461578311,Airports
283,CVG,EV,2996,8.83177570093458,Airports
284,CVG,F9,2017,16.792265741199802,Airports
285,CVG,MQ,4630,9.602159827213823,Airports
286,CVG,OO,4030,11.786848635235732,Airports
287,CVG,UA,3,302.3333333333333,Airports
288,CWA,EV,597,6.291457286432161,Airports
289,CWA,MQ,704,5.224431818181818,Airports
290,CWA,OO,60,4.85,Airports
291,DAB,DL,1479,5.295469912102772,Airports
292,DAB,EV,2,36.5,Airports
293,DAB,US,5,0.0,Airports
294,DAL,DL,1415,6.662190812720848,Airports
295,DAL,EV,518,5.301158301158301,Airports
296,DAL,OO,5,27.0,Airports
297,DAL,VX,4962,10.822450624748086,Airports
298,DAL,WN,51772,12.251371397666693,Airports
299,DAY,AA,904,5.332964601769912,Airports
300,DAY,DL,1306,7.053598774885145,Airports
301,DAY,EV,1713,8.952714535901926,Airports
302,DAY,MQ,1549,8.039380245319562,Airports
303,DAY,OO,1424,7.377808988764045,Airports
304,DAY,WN,1466,7.070259208731241,Airports
305,DBQ,MQ,869,4.855005753739931,Airports
306,DCA,AA,17431,7.754976765532672,Airports
307,DCA,AS,1321,0.9053747161241483,Airports
308,DCA,B6,9350,7.510909090909091,Airports
309,DCA,DL,8495,9.26745144202472,Airports
310,DCA,EV,2789,7.529939046253137,Airports
311,DCA,F9,982,6.067209775967413,Airports
312,DCA,MQ,643,21.472783825816485,Airports
313,DCA,OO,1453,12.247763248451479,Airports
314,DCA,UA,4504,13.248445825932505,Airports
315,DCA,US,9656,5.991507870753935,Airports
316,DCA,VX,1213,6.244023083264633,Airports
317,DCA,WN,13742,7.224567020812109,Airports
318,DEN,AA,6963,10.438891282493179,Airports
319,DEN,AS,1586,1.8203026481715006,Airports
320,DEN,B6,942,15.085987261146498,Airports
321,DEN,DL,7031,8.17664628075665,Airports
322,DEN,EV,5347,11.132784739106041,Airports
323,DEN,F9,21082,9.172279669860545,Airports
324,DEN,NK,3608,16.628325942350333,Airports
325,DEN,OO,43760,10.18274680073126,Airports
326,DEN,UA,45637,15.137892499506979,Airports
327,DEN,US,2301,4.974793568013907,Airports
328,DEN,WN,55145,12.072517907335207,Airports
329,DFW,AA,131159,11.3207176022995,Airports
330,DFW,AS,1338,2.279521674140508,Airports
331,DFW,B6,576,14.659722222222221,Airports
332,DFW,DL,5061,9.673384706579727,Airports
333,DFW,EV,23316,14.09551381025905,Airports
334,DFW,F9,1282,12.342433697347895,Airports
335,DFW,MQ,51049,10.320221747732571,Airports
336,DFW,NK,8379,13.578469984485022,Airports
337,DFW,OO,4024,14.362326043737575,Airports
338,DFW,UA,3448,14.33816705336427,Airports
339,DFW,US,3015,5.9893864013266995,Airports
340,DHN,EV,1243,7.762670957361223,Airports
341,DIK,EV,329,6.270516717325228,Airports
342,DIK,OO,589,-1.5568760611205432,Airports
343,DLG,AS,77,0.5584415584415584,Airports
344,DLH,DL,199,6.251256281407035,Airports
345,DLH,OO,1467,8.674846625766872,Airports
346,DRO,EV,83,4.614457831325301,Airports
347,DRO,MQ,781,10.441741357234315,Airports
348,DRO,OO,1155,3.811255411255411,Airports
349,DSM,AA,789,7.936628643852979,Airports
350,DSM,DL,928,8.451508620689655,Airports
351,DSM,EV,1211,12.071841453344344,Airports
352,DSM,F9,173,6.127167630057803,Airports
353,DSM,MQ,2022,11.475272007912958,Airports
354,DSM,OO,1336,10.511976047904191,Airports
355,DSM,UA,684,14.318713450292398,Airports
356,DSM,US,1,0.0,Airports
357,DSM,WN,957,6.698014629049112,Airports
358,DTW,AA,3974,7.606190236537493,Airports
359,DTW,AS,335,2.005970149253731,Airports
360,DTW,B6,1172,4.19283276450512,Airports
361,DTW,DL,50297,8.120862079249259,Airports
362,DTW,EV,22417,9.071686666369274,Airports
363,DTW,F9,639,9.300469483568076,Airports
364,DTW,MQ,2143,16.406439570695287,Airports
365,DTW,NK,7169,16.675408006695495,Airports
366,DTW,OO,10218,8.914758269720101,Airports
367,DTW,UA,933,13.968917470525188,Airports
368,DTW,US,1539,4.152696556205328,Airports
369,DTW,WN,6156,8.77956465237167,Airports
370,DVL,OO,466,3.1609442060085837,Airports
371,EAU,OO,634,8.82807570977918,Airports
372,ECP,DL,1876,6.97228144989339,Airports
373,ECP,EV,663,4.3544494720965305,Airports
374,ECP,WN,1600,5.15375,Airports
375,EGE,AA,850,15.34470588235294,Airports
376,EGE,DL,101,11.94059405940594,Airports
377,EGE,UA,247,19.214574898785425,Airports
378,EKO,OO,517,-3.771760154738878,Airports
379,ELM,EV,2007,6.348281016442451,Airports
380,ELP,AA,1330,8.306766917293233,Airports
381,ELP,DL,695,6.870503597122302,Airports
382,ELP,EV,1514,3.3989431968295905,Airports
383,ELP,MQ,549,16.183970856102004,Airports
384,ELP,OO,1405,4.0711743772241995,Airports
385,ELP,WN,6313,8.821162680183749,Airports
386,ERI,EV,708,7.919491525423729,Airports
387,ESC,OO,554,7.256317689530686,Airports
388,EUG,OO,3558,7.183249016301293,Airports
389,EVV,DL,354,6.0141242937853105,Airports
390,EVV,EV,1806,7.444075304540421,Airports
391,EVV,MQ,1501,8.032644903397735,Airports
392,EVV,OO,46,10.847826086956522,Airports
393,EWN,EV,565,5.330973451327433,Airports
394,EWR,AA,5267,8.168976647047655,Airports
395,EWR,AS,651,2.7219662058371736,Airports
396,EWR,B6,6215,11.119710378117457,Airports
397,EWR,DL,4942,10.621813031161473,Airports
398,EWR,EV,29675,9.559191238416176,Airports
399,EWR,MQ,359,16.54874651810585,Airports
400,EWR,OO,2,299.5,Airports
401,EWR,UA,42164,18.58189450716251,Airports
402,EWR,US,2013,5.180824639841033,Airports
403,EWR,VX,1800,7.293333333333333,Airports
404,EWR,WN,5253,13.125452122596611,Airports
405,EYW,DL,983,4.90233977619532,Airports
406,EYW,EV,422,10.919431279620854,Airports
407,EYW,MQ,535,6.803738317757009,Airports
408,FAI,AS,1866,0.44694533762057875,Airports
409,FAI,DL,230,10.743478260869566,Airports
410,FAI,UA,73,54.986301369863014,Airports
411,FAR,DL,712,4.686797752808989,Airports
412,FAR,EV,1310,10.722900763358778,Airports
413,FAR,F9,54,28.185185185185187,Airports
414,FAR,MQ,1269,6.56107171000788,Airports
415,FAR,OO,2221,5.341737955875732,Airports
416,FAT,AA,605,17.568595041322315,Airports
417,FAT,F9,2,19.0,Airports
418,FAT,OO,6317,9.288111445306317,Airports
419,FAY,DL,470,6.506382978723404,Airports
420,FAY,EV,1142,10.875656742556918,Airports
421,FCA,DL,291,2.2061855670103094,Airports
422,FCA,OO,1705,1.3149560117302053,Airports
423,FLG,OO,1610,4.0459627329192545,Airports
424,FLL,AA,5232,5.381498470948012,Airports
425,FLL,AS,333,7.948948948948949,Airports
426,FLL,B6,17682,14.823379708177807,Airports
427,FLL,DL,10473,7.154301537286355,Airports
428,FLL,F9,693,21.571428571428573,Airports
429,FLL,NK,11374,13.512132934763496,Airports
430,FLL,UA,5067,9.11880797315966,Airports
431,FLL,US,3074,5.01854261548471,Airports
432,FLL,VX,1227,9.972290138549308,Airports
433,FLL,WN,17425,9.193974175035867,Airports
434,FNT,DL,924,3.103896103896104,Airports
435,FNT,EV,895,5.081564245810056,Airports
436,FNT,MQ,902,4.761640798226164,Airports
437,FNT,OO,437,2.17162471395881,Airports
438,FNT,WN,1471,5.0931339225017,Airports
439,FSD,DL,425,2.2494117647058824,Airports
440,FSD,EV,1719,9.159394997091333,Airports
441,FSD,F9,168,20.083333333333332,Airports
442,FSD,MQ,866,10.747113163972287,Airports
443,FSD,OO,1975,9.780759493670885,Airports
444,FSD,UA,4,-1.25,Airports
445,FSM,EV,1399,7.273052180128663,Airports
446,FSM,MQ,511,5.542074363992172,Airports
447,FWA,EV,325,7.990769230769231,Airports
448,FWA,MQ,1810,8.109944751381216,Airports
449,FWA,OO,2944,10.468070652173912,Airports
450,GCC,OO,982,1.4338085539714867,Airports
451,GCK,EV,25,26.52,Airports
452,GCK,MQ,612,5.2140522875816995,Airports
453,GEG,AA,262,-1.3396946564885497,Airports
454,GEG,AS,1528,2.6714659685863875,Airports
455,GEG,DL,1440,6.653472222222222,Airports
456,GEG,F9,5,44.0,Airports
457,GEG,OO,2376,4.216329966329966,Airports
458,GEG,UA,612,7.88562091503268,Airports
459,GEG,US,322,-2.2639751552795033,Airports
460,GEG,WN,2895,6.540241796200346,Airports
461,GFK,OO,714,3.03781512605042,Airports
462,GGG,EV,147,16.5578231292517,Airports
463,GGG,MQ,466,5.491416309012876,Airports
464,GJT,EV,334,3.808383233532934,Airports
465,GJT,MQ,817,7.15422276621787,Airports
466,GJT,OO,1971,0.4429223744292237,Airports
467,GNV,DL,271,3.7306273062730626,Airports
468,GNV,EV,1795,9.667409470752089,Airports
469,GNV,MQ,569,7.597539543057996,Airports
470,GPT,DL,1127,3.8908606921029283,Airports
471,GPT,EV,1974,4.120060790273556,Airports
472,GPT,MQ,413,8.595641646489105,Airports
473,GRB,DL,616,2.1396103896103895,Airports
474,GRB,EV,1724,4.1757540603248255,Airports
475,GRB,MQ,1219,4.737489745693191,Airports
476,GRB,OO,1161,5.9181739879414295,Airports
477,GRI,MQ,607,4.782537067545305,Airports
478,GRK,EV,2517,7.651569328565753,Airports
479,GRK,MQ,1352,3.6131656804733727,Airports
480,GRR,DL,2818,3.9737402413058907,Airports
481,GRR,EV,1639,7.226357535082367,Airports
482,GRR,MQ,2594,10.724749421742482,Airports
483,GRR,OO,1123,7.936776491540517,Airports
484,GRR,UA,536,14.173507462686567,Airports
485,GRR,WN,1831,7.040961223375205,Airports
486,GSO,AA,141,-0.1276595744680851,Airports
487,GSO,DL,1890,5.386772486772487,Airports
488,GSO,EV,3127,11.885833066837224,Airports
489,GSO,F9,132,9.780303030303031,Airports
490,GSO,MQ,1168,12.531678082191782,Airports
491,GSO,OO,3,26.333333333333332,Airports
492,GSO,US,1,1.0,Airports
493,GSP,DL,1672,5.8169856459330145,Airports
494,GSP,EV,2927,6.5418517253160235,Airports
495,GSP,MQ,462,8.203463203463203,Airports
496,GSP,OO,22,1.2727272727272727,Airports
497,GSP,WN,1297,9.729375481881265,Airports
498,GST,AS,76,17.17105263157895,Airports
499,GTF,OO,1944,0.9969135802469136,Airports
500,GTR,EV,912,7.290570175438597,Airports
501,GUC,AA,113,5.814159292035399,Airports
502,GUC,EV,156,7.416666666666667,Airports
503,GUC,MQ,8,21.5,Airports
504,GUC,OO,171,14.64327485380117,Airports
505,GUC,UA,24,13.875,Airports
506,GUM,UA,331,16.483383685800604,Airports
507,HDN,AA,132,6.0227272727272725,Airports
508,HDN,DL,95,12.589473684210526,Airports
509,HDN,EV,72,5.444444444444445,Airports
510,HDN,OO,236,13.741525423728813,Airports
511,HDN,UA,151,14.324503311258278,Airports
512,HIB,OO,878,1.2927107061503418,Airports
513,HLN,OO,1419,0.7829457364341085,Airports
514,HNL,AA,2379,12.730138713745271,Airports
515,HNL,AS,2342,2.783945345858241,Airports
516,HNL,DL,2750,8.078545454545454,Airports
517,HNL,HA,30130,-0.15894457351476934,Airports
518,HNL,UA,4869,11.450605873896077,Airports
519,HNL,US,417,4.808153477218226,Airports
520,HNL,VX,59,12.35593220338983,Airports
521,HOB,EV,547,5.3528336380255945,Airports
522,HOU,AA,160,4.50625,Airports
523,HOU,B6,654,18.665137614678898,Airports
524,HOU,DL,1692,6.4763593380614655,Airports
525,HOU,EV,598,16.118729096989966,Airports
526,HOU,MQ,1170,12.0,Airports
527,HOU,WN,46858,12.166545733919502,Airports
528,HPN,B6,3519,10.760443307757885,Airports
529,HPN,EV,2727,13.840484048404841,Airports
530,HPN,MQ,886,12.520316027088036,Airports
531,HRL,EV,1141,1.5705521472392638,Airports
532,HRL,OO,32,-0.09375,Airports
533,HRL,WN,1848,4.2727272727272725,Airports
534,HSV,DL,1757,5.575412635173591,Airports
535,HSV,EV,2022,7.629080118694362,Airports
536,HSV,MQ,644,12.96583850931677,Airports
537,HYA,B6,82,23.182926829268293,Airports
538,HYS,OO,557,2.5960502692998206,Airports
539,IAD,AA,2451,11.683802529579763,Airports
540,IAD,AS,264,3.9356060606060606,Airports
541,IAD,B6,1828,8.644967177242888,Airports
542,IAD,DL,2351,7.697575499787325,Airports
543,IAD,EV,3169,13.283685705269802,Airports
544,IAD,F9,1920,15.1515625,Airports
545,IAD,OO,238,8.53781512605042,Airports
546,IAD,UA,17809,14.695378741085968,Airports
547,IAD,VX,1480,5.77027027027027,Airports
548,IAD,WN,2154,8.486072423398328,Airports
549,IAG,NK,312,5.403846153846154,Airports
550,IAH,AA,6376,7.129548306148055,Airports
551,IAH,AS,379,2.699208443271768,Airports
552,IAH,DL,2913,9.477171301064194,Airports
553,IAH,EV,57074,4.886252934786418,Airports
554,IAH,F9,1520,17.163815789473684,Airports
555,IAH,MQ,25,9.24,Airports
556,IAH,NK,4997,23.19231538923354,Airports
557,IAH,OO,15067,12.766376850069689,Airports
558,IAH,UA,53239,17.947576025094385,Airports
559,IAH,US,2429,4.491972004940305,Airports
560,ICT,AA,164,11.481707317073171,Airports
561,ICT,DL,853,6.150058616647128,Airports
562,ICT,EV,2076,7.134874759152216,Airports
563,ICT,MQ,378,14.529100529100528,Airports
564,ICT,OO,2434,13.190221857025472,Airports
565,ICT,UA,456,13.43859649122807,Airports
566,ICT,WN,1516,7.178100263852243,Airports
567,IDA,F9,2,4.5,Airports
568,IDA,OO,2223,0.6824111560953666,Airports
569,ILG,F9,95,29.568421052631578,Airports
570,ILM,AA,160,-0.2,Airports
571,ILM,DL,346,6.523121387283237,Airports
572,ILM,EV,1316,6.691489361702128,Airports
573,ILM,OO,15,-0.06666666666666667,Airports
574,ILM,US,1,5.0,Airports
575,IMT,OO,606,0.7128712871287128,Airports
576,IND,AA,2727,6.488815548221488,Airports
577,IND,DL,4383,7.152407027150353,Airports
578,IND,EV,2877,9.952033368091762,Airports
579,IND,F9,731,11.709986320109438,Airports
580,IND,MQ,1897,7.138112809699526,Airports
581,IND,OO,421,14.82897862232779,Airports
582,IND,UA,1099,10.414012738853502,Airports
583,IND,US,873,2.406643757159221,Airports
584,IND,WN,10040,8.39890438247012,Airports
585,INL,OO,556,4.3147482014388485,Airports
586,ISN,EV,520,5.813461538461539,Airports
587,ISN,OO,1959,3.7585502807554874,Airports
588,ISP,WN,4238,10.060405851816896,Airports
589,ITH,EV,10,3.1,Airports
590,ITH,OO,20,20.4,Airports
591,ITO,HA,5452,-1.3846294937637564,Airports
592,ITO,UA,256,9.6484375,Airports
593,JAC,AA,408,9.129901960784315,Airports
594,JAC,DL,767,2.1421121251629724,Airports
595,JAC,OO,1274,6.79905808477237,Airports
596,JAC,UA,995,12.457286432160805,Airports
597,JAN,DL,1893,4.9260433174854725,Airports
598,JAN,EV,3836,6.25495307612096,Airports
599,JAN,MQ,1176,12.170918367346939,Airports
600,JAX,AA,2321,9.15079707022835,Airports
601,JAX,B6,2965,9.052951096121417,Airports
602,JAX,DL,4216,6.413899430740038,Airports
603,JAX,EV,1938,12.795665634674922,Airports
604,JAX,MQ,487,11.00205338809035,Airports
605,JAX,OO,208,24.485576923076923,Airports
606,JAX,UA,68,12.470588235294118,Airports
607,JAX,US,1353,3.550628233555063,Airports
608,JAX,WN,4221,8.31532812129827,Airports
609,JFK,AA,15238,10.883777398608741,Airports
610,JFK,AS,75,12.08,Airports
611,JFK,B6,39587,12.267461540404678,Airports
612,JFK,DL,25037,13.173383392578984,Airports
613,JFK,HA,293,16.344709897610922,Airports
614,JFK,MQ,3236,13.358776266996292,Airports
615,JFK,UA,3238,8.608091414453366,Airports
616,JFK,US,1359,15.044885945548197,Airports
617,JFK,VX,3600,7.055,Airports
618,JLN,EV,283,2.1130742049469964,Airports
619,JLN,MQ,346,13.771676300578035,Airports
620,JMS,OO,743,3.201884253028264,Airports
621,JNU,AS,3840,3.2622395833333333,Airports
622,JNU,DL,139,8.726618705035971,Airports
623,JNU,OO,52,40.48076923076923,Airports
624,KOA,AA,593,7.12141652613828,Airports
625,KOA,AS,1385,-1.1992779783393501,Airports
626,KOA,DL,345,13.747826086956522,Airports
627,KOA,HA,7279,-0.3861794202500343,Airports
628,KOA,UA,1271,9.025177025963808,Airports
629,KOA,US,179,-5.681564245810056,Airports
630,KTN,AS,2173,1.6037735849056605,Airports
631,KTN,OO,114,16.982456140350877,Airports
632,LAN,DL,4,-3.25,Airports
633,LAN,EV,1029,5.053449951409135,Airports
634,LAN,OO,767,9.926988265971318,Airports
635,LAR,OO,556,3.097122302158273,Airports
636,LAS,AA,11215,7.735978600089166,Airports
637,LAS,AS,4060,-0.279064039408867,Airports
638,LAS,B6,4013,14.679790680289061,Airports
639,LAS,DL,10571,5.9819316999337815,Airports
640,LAS,F9,4297,15.720735396788458,Airports
641,LAS,HA,808,5.237623762376238,Airports
642,LAS,NK,8894,15.584326512255453,Airports
643,LAS,OO,2393,7.067697450898454,Airports
644,LAS,UA,11013,9.587396712975574,Airports
645,LAS,US,2985,1.4941373534338358,Airports
646,LAS,VX,3732,12.111200428724544,Airports
647,LAS,WN,67956,12.471216669609747,Airports
648,LAW,EV,631,4.774960380348653,Airports
649,LAW,MQ,605,9.915702479338844,Airports
650,LAX,AA,32318,6.983074447676217,Airports
651,LAX,AS,8041,1.0920283546822533,Airports
652,LAX,B6,4066,12.512051155927201,Airports
653,LAX,DL,25068,10.377373543960427,Airports
654,LAX,F9,1374,10.83551673944687,Airports
655,LAX,HA,1546,2.4560155239327295,Airports
656,LAX,MQ,147,17.421768707482993,Airports
657,LAX,NK,4281,22.4625087596356,Airports
658,LAX,OO,36113,9.1716556364744,Airports
659,LAX,UA,27062,13.269270563890325,Airports
660,LAX,US,3655,4.535430916552667,Airports
661,LAX,VX,11711,9.769020578942873,Airports
662,LAX,WN,36621,15.177985308975725,Airports
663,LBB,AA,292,12.582191780821917,Airports
664,LBB,EV,1285,5.482490272373541,Airports
665,LBB,MQ,375,14.853333333333333,Airports
666,LBB,OO,332,15.123493975903614,Airports
667,LBB,WN,2174,5.327966881324747,Airports
668,LBE,NK,1245,9.940562248995985,Airports
669,LCH,EV,1165,0.3090128755364807,Airports
670,LCH,MQ,637,7.555729984301413,Airports
671,LEX,DL,990,2.611111111111111,Airports
672,LEX,EV,3216,7.271455223880597,Airports
673,LEX,MQ,1200,9.155,Airports
674,LEX,OO,394,8.99492385786802,Airports
675,LFT,DL,338,8.04733727810651,Airports
676,LFT,EV,3417,8.168568920105356,Airports
677,LFT,MQ,1148,6.330139372822299,Airports
678,LFT,OO,102,1.7843137254901962,Airports
679,LGA,AA,17409,6.595726348440462,Airports
680,LGA,B6,5969,15.918746858770314,Airports
681,LGA,DL,23745,14.639882080437987,Airports
682,LGA,EV,9272,15.845125107851596,Airports
683,LGA,F9,851,22.978848413631024,Airports
684,LGA,MQ,9243,13.727794006275019,Airports
685,LGA,NK,3491,15.857347464909768,Airports
686,LGA,OO,98,4.63265306122449,Airports
687,LGA,UA,7829,15.55371056329033,Airports
688,LGA,US,5890,6.8821731748726656,Airports
689,LGA,VX,1160,11.407758620689656,Airports
690,LGA,WN,9877,16.84479092841956,Airports
691,LGB,B6,7458,7.952802359882006,Airports
692,LGB,OO,1246,2.4165329052969504,Airports
693,LIH,AA,680,4.579411764705882,Airports
694,LIH,AS,1193,-2.2749371332774517,Airports
695,LIH,DL,332,13.123493975903614,Airports
696,LIH,HA,7283,-0.6924344363586434,Airports
697,LIH,UA,819,6.555555555555555,Airports
698,LIH,US,180,-1.5611111111111111,Airports
699,LIT,AA,9,12.555555555555555,Airports
700,LIT,DL,1918,5.054744525547445,Airports
701,LIT,EV,2808,8.397435897435898,Airports
702,LIT,MQ,2296,14.562282229965156,Airports
703,LIT,OO,806,10.694789081885856,Airports
704,LIT,WN,2295,8.503703703703703,Airports
705,LNK,EV,1445,5.905882352941177,Airports
706,LNK,OO,1119,5.298480786416444,Airports
707,LRD,EV,1237,3.0670978172999193,Airports
708,LRD,MQ,890,5.385393258426967,Airports
709,LSE,MQ,1098,5.472677595628415,Airports
710,LSE,OO,483,3.6459627329192545,Airports
711,LWS,OO,588,-2.9761904761904763,Airports
712,MAF,EV,1825,4.841095890410959,Airports
713,MAF,MQ,1018,13.102161100196463,Airports
714,MAF,OO,1283,5.06157443491816,Airports
715,MAF,WN,3126,6.947536788227767,Airports
716,MBS,EV,146,5.2534246575342465,Airports
717,MBS,OO,1508,8.011936339522546,Airports
718,MCI,AA,3726,8.506709608158884,Airports
719,MCI,AS,396,1.6085858585858586,Airports
720,MCI,DL,5055,5.742631058358062,Airports
721,MCI,EV,3232,6.196163366336633,Airports
722,MCI,F9,344,14.892441860465116,Airports
723,MCI,MQ,111,15.216216216216216,Airports
724,MCI,NK,1399,16.800571837026446,Airports
725,MCI,OO,1556,11.223650385604113,Airports
726,MCI,UA,588,12.185374149659864,Airports
727,MCI,US,1193,2.9488683989941324,Airports
728,MCI,WN,20506,8.735053155174095,Airports
729,MCO,AA,12892,10.785758609990692,Airports
730,MCO,AS,648,7.419753086419753,Airports
731,MCO,B6,17712,15.613595302619693,Airports
732,MCO,DL,15290,8.578744277305429,Airports
733,MCO,EV,86,17.302325581395348,Airports
734,MCO,F9,4907,19.09374363154677,Airports
735,MCO,NK,4497,14.918167667333778,Airports
736,MCO,UA,11124,14.634843581445523,Airports
737,MCO,US,4617,4.7669482347844925,Airports
738,MCO,VX,333,11.84084084084084,Airports
739,MCO,WN,37426,10.934537487308289,Airports
740,MDT,AA,48,-1.7916666666666667,Airports
741,MDT,DL,920,6.978260869565218,Airports
742,MDT,EV,753,7.219123505976095,Airports
743,MDT,F9,87,9.839080459770114,Airports
744,MDT,MQ,787,11.10546378653113,Airports
745,MDT,OO,15,17.866666666666667,Airports
746,MDT,UA,525,8.325714285714286,Airports
747,MDT,US,75,8.013333333333334,Airports
748,MDW,DL,2499,8.0828331332533,Airports
749,MDW,EV,1572,13.192748091603054,Airports
750,MDW,F9,50,29.22,Airports
751,MDW,OO,350,9.402857142857142,Airports
752,MDW,WN,74214,12.91973212601396,Airports
753,MEI,EV,888,7.617117117117117,Airports
754,MEM,AA,977,11.316274309109518,Airports
755,MEM,DL,4060,6.3399014778325125,Airports
756,MEM,EV,3356,9.865315852205006,Airports
757,MEM,F9,363,9.03305785123967,Airports
758,MEM,MQ,1248,10.585737179487179,Airports
759,MEM,OO,1071,10.606909430438842,Airports
760,MEM,UA,107,21.14018691588785,Airports
761,MEM,US,429,2.536130536130536,Airports
762,MEM,WN,2770,9.324548736462093,Airports
763,MFE,AA,1401,9.265524625267666,Airports
764,MFE,EV,1225,1.460408163265306,Airports
765,MFE,OO,404,12.465346534653465,Airports
766,MFE,UA,264,12.071969696969697,Airports
767,MFR,OO,2430,7.54238683127572,Airports
768,MGM,EV,2270,9.263436123348018,Airports
769,MGM,MQ,822,6.041362530413625,Airports
770,MGM,OO,15,4.266666666666667,Airports
771,MHK,EV,65,8.353846153846154,Airports
772,MHK,MQ,1497,3.839011356045424,Airports
773,MHT,DL,442,2.264705882352941,Airports
774,MHT,EV,1520,10.066447368421052,Airports
775,MHT,WN,4153,6.561281001685528,Airports
776,MIA,AA,47663,12.946814090594382,Airports
777,MIA,DL,8400,10.894404761904761,Airports
778,MIA,F9,2009,20.396714783474366,Airports
779,MIA,MQ,5194,7.8844820947246825,Airports
780,MIA,OO,179,12.35195530726257,Airports
781,MIA,UA,3102,13.81270148291425,Airports
782,MIA,US,1754,6.989167616875712,Airports
783,MKE,AA,1211,9.011560693641618,Airports
784,MKE,DL,4635,5.7201725997842505,Airports
785,MKE,EV,2560,6.31640625,Airports
786,MKE,F9,601,9.801996672212978,Airports
787,MKE,MQ,41,13.536585365853659,Airports
788,MKE,OO,7085,9.055187014820042,Airports
789,MKE,US,346,1.8583815028901733,Airports
790,MKE,WN,12693,7.815882770030726,Airports
791,MKG,OO,618,8.555016181229773,Airports
792,MLB,DL,1254,8.227272727272727,Airports
793,MLB,EV,68,19.602941176470587,Airports
794,MLI,EV,1468,11.483651226158038,Airports
795,MLI,MQ,1675,7.258507462686567,Airports
796,MLI,OO,476,6.086134453781512,Airports
797,MLU,EV,2829,7.5585012371862845,Airports
798,MLU,MQ,43,17.976744186046513,Airports
799,MLU,OO,4,-3.5,Airports
800,MMH,OO,140,9.92142857142857,Airports
801,MOB,DL,454,5.140969162995595,Airports
802,MOB,EV,3547,6.58528333803214,Airports
803,MOB,MQ,839,9.842669845053635,Airports
804,MOB,OO,65,9.615384615384615,Airports
805,MOT,DL,4,-5.75,Airports
806,MOT,EV,186,3.521505376344086,Airports
807,MOT,F9,3,4.0,Airports
808,MOT,OO,1627,5.114320835894284,Airports
809,MQT,MQ,278,7.866906474820144,Airports
810,MQT,OO,18,28.666666666666668,Airports
811,MRY,OO,2836,7.354372355430184,Airports
812,MSN,DL,2519,2.7121873759428343,Airports
813,MSN,EV,1943,6.797735460627895,Airports
814,MSN,F9,212,6.514150943396227,Airports
815,MSN,MQ,2239,6.405091558731576,Airports
816,MSN,OO,1411,5.404677533664068,Airports
817,MSN,UA,506,9.920948616600791,Airports
818,MSO,DL,597,1.3986599664991626,Airports
819,MSO,F9,89,2.393258426966292,Airports
820,MSO,OO,1367,1.7980980248719824,Airports
821,MSP,AA,5389,8.066617183150862,Airports
822,MSP,AS,585,1.1247863247863248,Airports
823,MSP,DL,55741,5.64184352630918,Airports
824,MSP,EV,6648,14.07641395908544,Airports
825,MSP,F9,1503,12.985362608117098,Airports
826,MSP,MQ,167,22.46706586826347,Airports
827,MSP,NK,3402,20.22898295120517,Airports
828,MSP,OO,25255,5.594575331617501,Airports
829,MSP,UA,3157,14.101045296167248,Airports
830,MSP,US,2053,4.231855820750122,Airports
831,MSP,WN,7155,8.586722571628233,Airports
832,MSY,AA,3723,5.896051571313457,Airports
833,MSY,AS,331,0.9486404833836858,Airports
834,MSY,B6,1104,15.14945652173913,Airports
835,MSY,DL,6907,7.782829014043724,Airports
836,MSY,EV,614,5.254071661237785,Airports
837,MSY,F9,554,18.362815884476536,Airports
838,MSY,MQ,30,7.2,Airports
839,MSY,NK,1678,15.757449344457688,Airports
840,MSY,OO,561,8.795008912655971,Airports
841,MSY,UA,4452,10.706648697214735,Airports
842,MSY,US,1082,5.905730129390019,Airports
843,MSY,WN,17256,8.08350718590635,Airports
844,MTJ,AA,28,16.321428571428573,Airports
845,MTJ,DL,35,26.285714285714285,Airports
846,MTJ,EV,148,-6.006756756756757,Airports
847,MTJ,MQ,62,1.9838709677419355,Airports
848,MTJ,OO,621,5.040257648953301,Airports
849,MTJ,UA,72,14.958333333333334,Airports
850,MVY,B6,205,25.90731707317073,Airports
851,MYR,DL,851,3.129259694477086,Airports
852,MYR,EV,711,9.623066104078763,Airports
853,MYR,NK,3157,11.375989863794741,Airports
854,MYR,US,6,-0.16666666666666666,Airports
855,OAJ,EV,1118,10.289803220035779,Airports
856,OAK,AA,299,1.060200668896321,Airports
857,OAK,AS,2176,-1.7302389705882353,Airports
858,OAK,B6,1381,5.792903692976104,Airports
859,OAK,DL,917,2.3380588876772084,Airports
860,OAK,HA,762,3.015748031496063,Airports
861,OAK,NK,1582,9.651074589127687,Airports
862,OAK,OO,2209,7.729741964689905,Airports
863,OAK,US,295,8.552542372881357,Airports
864,OAK,WN,32048,11.020375686470295,Airports
865,OGG,AA,1561,6.244074311338886,Airports
866,OGG,AS,2696,0.1650593471810089,Airports
867,OGG,DL,959,15.050052137643378,Airports
868,OGG,HA,12831,1.778894864001247,Airports
869,OGG,UA,2108,11.695920303605313,Airports
870,OGG,US,293,-2.546075085324232,Airports
871,OGG,VX,29,4.448275862068965,Airports
872,OKC,AA,1649,5.8847786537295335,Airports
873,OKC,DL,1482,5.135627530364372,Airports
874,OKC,EV,1732,10.336027713625866,Airports
875,OKC,F9,52,16.03846153846154,Airports
876,OKC,MQ,2000,13.56,Airports
877,OKC,OO,2557,9.865858427845131,Airports
878,OKC,UA,584,8.58390410958904,Airports
879,OKC,WN,5741,7.411774952098938,Airports
880,OMA,AA,1531,5.785760940561724,Airports
881,OMA,DL,2160,4.1648148148148145,Airports
882,OMA,EV,2848,7.624648876404494,Airports
883,OMA,F9,276,7.836956521739131,Airports
884,OMA,MQ,831,7.222623345367028,Airports
885,OMA,OO,2133,8.71026722925457,Airports
886,OMA,UA,1119,15.343163538873995,Airports
887,OMA,US,342,1.5087719298245614,Airports
888,OMA,WN,5202,8.166666666666666,Airports
889,OME,AS,632,5.439873417721519,Airports
890,ONT,AA,1905,8.565879265091864,Airports
891,ONT,AS,523,-1.2332695984703632,Airports
892,ONT,DL,211,-2.203791469194313,Airports
893,ONT,OO,4939,6.674428021866775,Airports
894,ONT,US,592,2.214527027027027,Airports
895,ONT,WN,9599,10.230023960829254,Airports
896,ORD,AA,49557,13.09078434933511,Airports
897,ORD,AS,1732,6.541570438799076,Airports
898,ORD,B6,2210,17.529411764705884,Airports
899,ORD,DL,6918,13.806880601329864,Airports
900,ORD,EV,42606,9.405435854105056,Airports
901,ORD,F9,4552,21.335017574692444,Airports
902,ORD,MQ,59846,11.076095311299001,Airports
903,ORD,NK,9675,24.33312661498708,Airports
904,ORD,OO,36431,13.774477779912711,Airports
905,ORD,UA,58303,19.71272490266367,Airports
906,ORD,US,3351,7.150701283199045,Airports
907,ORD,VX,1373,11.30735615440641,Airports
908,ORF,AA,1007,10.817279046673287,Airports
909,ORF,DL,2696,6.341246290801187,Airports
910,ORF,EV,1898,11.099051633298208,Airports
911,ORF,MQ,633,11.58609794628752,Airports
912,ORF,OO,469,17.51172707889126,Airports
913,ORF,UA,99,8.282828282828282,Airports
914,ORF,US,200,2.6,Airports
915,ORF,WN,2082,10.063400576368876,Airports
916,ORH,B6,632,5.243670886075949,Airports
917,OTH,OO,264,17.806818181818183,Airports
918,OTZ,AS,633,4.22432859399684,Airports
919,PAH,OO,622,7.868167202572347,Airports
920,PBG,NK,278,12.122302158273381,Airports
921,PBI,AA,2875,5.364869565217392,Airports
922,PBI,B6,6567,17.617024516522005,Airports
923,PBI,DL,5629,10.958962515544501,Airports
924,PBI,EV,142,14.830985915492958,Airports
925,PBI,F9,183,21.404371584699454,Airports
926,PBI,NK,304,6.9506578947368425,Airports
927,PBI,OO,76,9.157894736842104,Airports
928,PBI,UA,2039,14.763609612555173,Airports
929,PBI,US,1824,3.7033991228070176,Airports
930,PBI,WN,2495,12.592384769539079,Airports
931,PDX,AA,2688,8.274925595238095,Airports
932,PDX,AS,12820,1.0957878315132605,Airports
933,PDX,B6,1294,7.068006182380216,Airports
934,PDX,DL,5421,4.232613908872902,Airports
935,PDX,F9,840,5.526190476190476,Airports
936,PDX,HA,334,0.31137724550898205,Airports
937,PDX,NK,649,17.423728813559322,Airports
938,PDX,OO,5333,4.757172323270204,Airports
939,PDX,UA,5180,8.656756756756756,Airports
940,PDX,US,1017,0.3166175024582104,Airports
941,PDX,VX,342,-1.304093567251462,Airports
942,PDX,WN,10859,8.812505755594438,Airports
943,PHF,DL,81,9.679012345679013,Airports
944,PHF,EV,1146,11.191972076788831,Airports
945,PHF,F9,2,17.0,Airports
946,PHL,AA,20881,7.5632871988889425,Airports
947,PHL,AS,332,6.626506024096385,Airports
948,PHL,B6,1565,12.187220447284345,Airports
949,PHL,DL,6509,9.931018589645106,Airports
950,PHL,EV,137,10.81021897810219,Airports
951,PHL,F9,2570,20.91634241245136,Airports
952,PHL,MQ,9,12.777777777777779,Airports
953,PHL,NK,1215,19.842798353909465,Airports
954,PHL,OO,10,32.9,Airports
955,PHL,UA,3627,14.350151640474222,Airports
956,PHL,US,19931,9.893181476092519,Airports
957,PHL,WN,7965,12.17639673571877,Airports
958,PHX,AA,28009,7.222678424792031,Airports
959,PHX,AS,2269,-0.9678272366681357,Airports
960,PHX,B6,653,17.690658499234303,Airports
961,PHX,DL,6883,4.3158506465204125,Airports
962,PHX,EV,8,3.375,Airports
963,PHX,F9,1851,15.17233927606699,Airports
964,PHX,HA,333,0.36936936936936937,Airports
965,PHX,NK,938,14.756929637526653,Airports
966,PHX,OO,18281,5.355943329139544,Airports
967,PHX,UA,5411,9.844760672703751,Airports
968,PHX,US,27564,6.166630387461907,Airports
969,PHX,WN,53352,12.211875843454791,Airports
970,PIA,EV,2455,8.953971486761711,Airports
971,PIA,MQ,1747,5.958786491127648,Airports
972,PIA,OO,288,10.822916666666666,Airports
973,PIB,EV,563,7.673179396092363,Airports
974,PIH,OO,652,-1.3282208588957056,Airports
975,PIT,AA,3270,4.059021406727829,Airports
976,PIT,B6,1467,4.276073619631902,Airports
977,PIT,DL,3474,6.9657455382843985,Airports
978,PIT,EV,1305,8.460536398467433,Airports
979,PIT,MQ,567,13.068783068783068,Airports
980,PIT,OO,465,10.23010752688172,Airports
981,PIT,UA,2236,9.347495527728086,Airports
982,PIT,US,2312,3.241349480968858,Airports
983,PIT,WN,8573,6.825032077452467,Airports
984,PLN,OO,730,10.424657534246576,Airports
985,PNS,AA,305,20.911475409836065,Airports
986,PNS,DL,2250,5.229777777777778,Airports
987,PNS,EV,1769,6.193894855850763,Airports
988,PNS,MQ,1128,8.273936170212766,Airports
989,PNS,WN,951,10.032597266035753,Airports
990,PPG,HA,106,15.179245283018869,Airports
991,PSC,DL,304,0.7861842105263158,Airports
992,PSC,OO,2090,2.969377990430622,Airports
993,PSE,B6,738,2.734417344173442,Airports
994,PSG,AS,652,3.5690184049079754,Airports
995,PSP,AA,951,6.993690851735016,Airports
996,PSP,AS,1621,0.5977791486736582,Airports
997,PSP,DL,153,15.320261437908497,Airports
998,PSP,F9,4,7.0,Airports
999,PSP,OO,5470,9.660694698354662,Airports
1000,PSP,UA,456,10.333333333333334,Airports
1001,PSP,VX,210,14.452380952380953,Airports
1002,PUB,OO,253,1.8932806324110671,Airports
1003,PVD,AA,776,2.5747422680412373,Airports
1004,PVD,B6,971,6.712667353244078,Airports
1005,PVD,DL,1454,6.2214580467675376,Airports
1006,PVD,EV,1018,10.795677799607073,Airports
1007,PVD,OO,37,1.864864864864865,Airports
1008,PVD,UA,110,9.127272727272727,Airports
1009,PVD,US,570,4.803508771929825,Airports
1010,PVD,WN,5821,8.296856210273148,Airports
1011,PWM,AA,192,2.1510416666666665,Airports
1012,PWM,B6,1139,9.682177348551361,Airports
1013,PWM,DL,666,10.578078078078079,Airports
1014,PWM,EV,1369,11.051862673484296,Airports
1015,PWM,US,172,3.0232558139534884,Airports
1016,PWM,WN,991,8.34409687184662,Airports
1017,RAP,DL,170,5.476470588235294,Airports
1018,RAP,EV,313,12.59744408945687,Airports
1019,RAP,MQ,481,4.234927234927235,Airports
1020,RAP,OO,2233,4.5911330049261085,Airports
1021,RDD,OO,706,6.471671388101983,Airports
1022,RDM,OO,2119,4.054270882491742,Airports
1023,RDU,AA,5293,8.170413754014737,Airports
1024,RDU,AS,60,6.55,Airports
1025,RDU,B6,2529,9.725978647686834,Airports
1026,RDU,DL,5069,8.128822252909844,Airports
1027,RDU,EV,2406,11.983790523690773,Airports
1028,RDU,F9,731,11.347469220246237,Airports
1029,RDU,MQ,2274,16.086631486367633,Airports
1030,RDU,OO,296,14.432432432432432,Airports
1031,RDU,UA,1490,18.36711409395973,Airports
1032,RDU,US,1698,4.839811542991755,Airports
1033,RDU,WN,9228,8.3123103597746,Airports
1034,RHI,OO,937,2.4151547491995733,Airports
1035,RIC,AA,1446,11.072614107883817,Airports
1036,RIC,B6,2072,4.670849420849421,Airports
1037,RIC,DL,2565,9.590643274853802,Airports
1038,RIC,EV,5081,12.897067506396379,Airports
1039,RIC,MQ,1376,14.602470930232558,Airports
1040,RIC,OO,80,17.0625,Airports
1041,RIC,UA,301,14.76079734219269,Airports
1042,RIC,US,664,2.316265060240964,Airports
1043,RIC,WN,1302,6.890937019969278,Airports
1044,RKS,OO,670,4.640298507462687,Airports
1045,RNO,AA,1608,8.91542288557214,Airports
1046,RNO,B6,166,18.5,Airports
1047,RNO,DL,929,1.0624327233584498,Airports
1048,RNO,OO,2628,11.184931506849315,Airports
1049,RNO,UA,791,3.350189633375474,Airports
1050,RNO,US,567,2.3932980599647267,Airports
1051,RNO,WN,6162,7.947257383966245,Airports
1052,ROA,DL,385,7.698701298701299,Airports
1053,ROA,EV,1832,10.38264192139738,Airports
1054,ROC,AA,153,2.130718954248366,Airports
1055,ROC,B6,1070,5.391588785046729,Airports
1056,ROC,DL,1221,8.775593775593775,Airports
1057,ROC,EV,1443,6.643104643104643,Airports
1058,ROC,MQ,896,7.988839285714286,Airports
1059,ROC,UA,403,10.8287841191067,Airports
1060,ROC,US,154,6.720779220779221,Airports
1061,ROC,WN,1900,8.473157894736842,Airports
1062,ROW,EV,6,31.666666666666668,Airports
1063,ROW,MQ,909,7.5731573157315735,Airports
1064,RST,EV,682,8.888563049853373,Airports
1065,RST,MQ,1253,6.154030327214684,Airports
1066,RST,OO,36,12.13888888888889,Airports
1067,RSW,AA,2803,6.115590438815555,Airports
1068,RSW,B6,3935,14.584498094027953,Airports
1069,RSW,DL,5485,4.631540565177757,Airports
1070,RSW,EV,53,7.584905660377358,Airports
1071,RSW,F9,1340,14.046268656716418,Airports
1072,RSW,NK,2184,14.71382783882784,Airports
1073,RSW,OO,47,21.78723404255319,Airports
1074,RSW,UA,2330,6.354935622317597,Airports
1075,RSW,US,1801,3.6896168795113824,Airports
1076,RSW,WN,6960,8.571264367816092,Airports
1077,SAF,EV,512,11.625,Airports
1078,SAF,MQ,705,6.93758865248227,Airports
1079,SAF,OO,218,13.288990825688073,Airports
1080,SAN,AA,6442,5.854082583048743,Airports
1081,SAN,AS,5116,-1.2341673182173574,Airports
1082,SAN,B6,1237,13.917542441390461,Airports
1083,SAN,DL,5824,2.99845467032967,Airports
1084,SAN,F9,742,4.1455525606469,Airports
1085,SAN,HA,334,3.3293413173652695,Airports
1086,SAN,NK,1806,7.950719822812846,Airports
1087,SAN,OO,6336,6.351641414141414,Airports
1088,SAN,UA,7592,10.906743940990516,Airports
1089,SAN,US,1697,2.969357690041249,Airports
1090,SAN,VX,1726,11.594438006952492,Airports
1091,SAN,WN,30418,11.284371096061543,Airports
1092,SAT,AA,5103,5.826964530668234,Airports
1093,SAT,AS,333,-0.8318318318318318,Airports
1094,SAT,DL,2977,4.581457843466577,Airports
1095,SAT,EV,777,8.62934362934363,Airports
1096,SAT,MQ,96,15.34375,Airports
1097,SAT,OO,3427,9.735337029471841,Airports
1098,SAT,UA,2667,8.529433820772404,Airports
1099,SAT,US,326,4.116564417177914,Airports
1100,SAT,WN,13669,8.256346477430682,Airports
1101,SAV,B6,980,15.644897959183673,Airports
1102,SAV,DL,3125,6.25408,Airports
1103,SAV,EV,2660,14.035714285714286,Airports
1104,SAV,MQ,569,10.90158172231986,Airports
1105,SAV,OO,38,21.94736842105263,Airports
1106,SBA,F9,3,22.333333333333332,Airports
1107,SBA,OO,5875,6.43404255319149,Airports
1108,SBN,DL,14,3.2142857142857144,Airports
1109,SBN,EV,985,11.38274111675127,Airports
1110,SBN,OO,3344,11.064294258373206,Airports
1111,SBP,OO,3063,6.801175318315377,Airports
1112,SCC,AS,816,-0.9497549019607843,Airports
1113,SCE,EV,882,8.69047619047619,Airports
1114,SDF,AA,288,13.82986111111111,Airports
1115,SDF,DL,2660,6.224436090225564,Airports
1116,SDF,EV,1989,11.529411764705882,Airports
1117,SDF,MQ,682,12.936950146627566,Airports
1118,SDF,OO,319,12.13166144200627,Airports
1119,SDF,UA,17,-0.23529411764705882,Airports
1120,SDF,US,8,-2.5,Airports
1121,SDF,WN,3977,7.7239124968569275,Airports
1122,SEA,AA,6317,7.1807820167801175,Airports
1123,SEA,AS,49806,3.5999879532586436,Airports
1124,SEA,B6,2115,15.342789598108746,Airports
1125,SEA,DL,13506,7.6563009033022364,Airports
1126,SEA,F9,791,9.950695322376738,Airports
1127,SEA,HA,667,8.574212893553224,Airports
1128,SEA,OO,12973,7.377167964233408,Airports
1129,SEA,UA,8700,12.868275862068966,Airports
1130,SEA,US,1576,4.559010152284264,Airports
1131,SEA,VX,2119,11.643227937706465,Airports
1132,SEA,WN,11608,11.555478980013783,Airports
1133,SFO,AA,12027,8.852082813669243,Airports
1134,SFO,AS,5138,7.8618139353834176,Airports
1135,SFO,B6,4880,13.258401639344262,Airports
1136,SFO,DL,9634,8.754515258459621,Airports
1137,SFO,F9,1937,14.646360351058338,Airports
1138,SFO,HA,663,6.521870286576169,Airports
1139,SFO,OO,34060,10.308749266001174,Airports
1140,SFO,UA,44984,14.245331673483905,Airports
1141,SFO,US,2587,2.13838422883649,Airports
1142,SFO,VX,15824,8.39414812942366,Airports
1143,SFO,WN,13757,11.930071963364105,Airports
1144,SGF,DL,333,3.3333333333333335,Airports
1145,SGF,EV,1541,12.793640493186242,Airports
1146,SGF,MQ,3469,10.325742288844047,Airports
1147,SGF,OO,692,9.690751445086706,Airports
1148,SGU,OO,1770,3.523728813559322,Airports
1149,SHV,DL,270,7.544444444444444,Airports
1150,SHV,EV,5124,10.244340359094457,Airports
1151,SHV,MQ,225,13.617777777777778,Airports
1152,SHV,OO,313,9.46964856230032,Airports
1153,SIT,AS,1210,1.0173553719008264,Airports
1154,SIT,OO,112,-2.75,Airports
1155,SJC,AA,2820,4.6634751773049645,Airports
1156,SJC,AS,4130,-0.9019370460048426,Airports
1157,SJC,B6,492,17.9390243902439,Airports
1158,SJC,DL,1312,7.845274390243903,Airports
1159,SJC,HA,660,4.024242424242424,Airports
1160,SJC,OO,5500,5.143454545454546,Airports
1161,SJC,UA,1037,3.6509161041465767,Airports
1162,SJC,US,784,0.41964285714285715,Airports
1163,SJC,WN,20973,10.21751776093072,Airports
1164,SJT,EV,145,12.958620689655172,Airports
1165,SJT,MQ,1405,6.81779359430605,Airports
1166,SJU,AA,4656,9.623496563573884,Airports
1167,SJU,B6,10235,12.152906692721055,Airports
1168,SJU,DL,3000,4.934333333333333,Airports
1169,SJU,NK,544,13.553308823529411,Airports
1170,SJU,UA,1847,17.634001082837035,Airports
1171,SJU,US,1029,8.517978620019436,Airports
1172,SJU,WN,3088,4.414183937823834,Airports
1173,SLC,AA,2952,8.009823848238483,Airports
1174,SLC,AS,2075,0.061204819277108434,Airports
1175,SLC,B6,1370,12.235036496350364,Airports
1176,SLC,DL,33202,4.845762303475694,Airports
1177,SLC,EV,54,18.314814814814813,Airports
1178,SLC,F9,1276,10.419278996865204,Airports
1179,SLC,MQ,63,14.174603174603174,Airports
1180,SLC,OO,44095,3.1665041387912463,Airports
1181,SLC,UA,1406,12.180654338549076,Airports
1182,SLC,US,1239,2.1872477804681196,Airports
1183,SLC,WN,8773,9.347543599680838,Airports
1184,SMF,AA,2155,10.46171693735499,Airports
1185,SMF,AS,2099,-1.8932825154835635,Airports
1186,SMF,B6,982,8.439918533604889,Airports
1187,SMF,DL,1838,7.482045701849837,Airports
1188,SMF,HA,334,3.8682634730538923,Airports
1189,SMF,OO,5945,8.540117746005047,Airports
1190,SMF,UA,2205,8.174149659863945,Airports
1191,SMF,US,986,4.71501014198783,Airports
1192,SMF,WN,20244,8.899130606599487,Airports
1193,SMX,OO,652,8.843558282208589,Airports
1194,SNA,AA,4862,4.504113533525298,Airports
1195,SNA,AS,3264,-2.6862745098039214,Airports
1196,SNA,DL,2533,2.8476115278326097,Airports
1197,SNA,F9,764,3.7958115183246073,Airports
1198,SNA,OO,2516,7.913751987281399,Airports
1199,SNA,UA,4976,10.878215434083602,Airports
1200,SNA,US,765,0.8797385620915033,Airports
1201,SNA,WN,17028,8.284590086915669,Airports
1202,SPI,EV,329,2.878419452887538,Airports
1203,SPI,MQ,234,8.846153846153847,Airports
1204,SPI,OO,954,12.053459119496855,Airports
1205,SPS,EV,248,10.116935483870968,Airports
1206,SPS,MQ,922,6.883947939262473,Airports
1207,SRQ,B6,824,18.66868932038835,Airports
1208,SRQ,DL,2090,5.933971291866029,Airports
1209,SRQ,UA,404,11.086633663366337,Airports
1210,STC,OO,77,18.38961038961039,Airports
1211,STL,AA,5836,5.8415010281014395,Airports
1212,STL,AS,398,4.505025125628141,Airports
1213,STL,DL,4626,4.138780804150454,Airports
1214,STL,EV,3023,9.15547469401257,Airports
1215,STL,F9,867,10.622837370242214,Airports
1216,STL,MQ,1210,15.681818181818182,Airports
1217,STL,OO,1491,10.128101945003353,Airports
1218,STL,UA,296,28.76689189189189,Airports
1219,STL,US,1077,7.737233054781801,Airports
1220,STL,WN,27357,10.868918375552875,Airports
1221,STT,AA,1361,14.23806024981631,Airports
1222,STT,B6,842,6.977434679334917,Airports
1223,STT,DL,927,6.713052858683927,Airports
1224,STT,NK,305,13.809836065573771,Airports
1225,STT,UA,446,18.121076233183857,Airports
1226,STT,US,290,8.462068965517242,Airports
1227,STX,AA,543,7.241252302025782,Airports
1228,STX,B6,332,7.466867469879518,Airports
1229,STX,DL,36,9.88888888888889,Airports
1230,STX,US,21,18.952380952380953,Airports
1231,SUN,OO,867,4.306805074971165,Airports
1232,SUX,MQ,589,9.6383701188455,Airports
1233,SWF,B6,659,9.811836115326251,Airports
1234,SWF,EV,19,21.94736842105263,Airports
1235,SYR,AA,271,0.44280442804428044,Airports
1236,SYR,B6,1310,6.391603053435115,Airports
1237,SYR,DL,1140,5.021052631578947,Airports
1238,SYR,EV,1229,6.315703824247356,Airports
1239,SYR,MQ,1063,9.96519285042333,Airports
1240,SYR,OO,118,12.483050847457626,Airports
1241,SYR,US,316,-0.6107594936708861,Airports
1242,TLH,DL,1235,3.7481781376518217,Airports
1243,TLH,EV,1200,12.328333333333333,Airports
1244,TLH,MQ,706,4.8229461756373935,Airports
1245,TOL,MQ,897,3.8885172798216274,Airports
1246,TPA,AA,8100,7.146913580246913,Airports
1247,TPA,AS,333,7.126126126126126,Airports
1248,TPA,B6,5398,15.765468692108188,Airports
1249,TPA,DL,10318,8.349583252568328,Airports
1250,TPA,F9,1522,18.920499342969777,Airports
1251,TPA,NK,2570,16.125291828793774,Airports
1252,TPA,UA,5759,10.186143427678417,Airports
1253,TPA,US,3499,3.8342383538153757,Airports
1254,TPA,WN,25578,10.320900774102745,Airports
1255,TRI,DL,476,2.6911764705882355,Airports
1256,TRI,EV,1430,6.876923076923077,Airports
1257,TTN,F9,2771,14.199927823890292,Airports
1258,TUL,AA,2273,5.851297844258689,Airports
1259,TUL,DL,1036,4.424710424710424,Airports
1260,TUL,EV,3326,5.309681298857487,Airports
1261,TUL,MQ,1375,12.754909090909091,Airports
1262,TUL,OO,1483,8.372218476062036,Airports
1263,TUL,UA,150,10.4,Airports
1264,TUL,VX,1,113.0,Airports
1265,TUL,WN,4057,9.003697313285679,Airports
1266,TUS,AA,2717,4.842841369157159,Airports
1267,TUS,AS,346,-4.88728323699422,Airports
1268,TUS,DL,791,3.1289506953223767,Airports
1269,TUS,EV,522,6.432950191570881,Airports
1270,TUS,OO,6321,5.863312766967252,Airports
1271,TUS,UA,53,15.924528301886792,Airports
1272,TUS,US,3,23.0,Airports
1273,TUS,WN,4169,7.357639721755817,Airports
1274,TVC,DL,425,1.1552941176470588,Airports
1275,TVC,EV,856,7.158878504672897,Airports
1276,TVC,MQ,1040,4.95,Airports
1277,TVC,OO,339,5.008849557522124,Airports
1278,TWF,OO,805,-0.8757763975155279,Airports
1279,TXK,EV,447,3.588366890380313,Airports
1280,TXK,MQ,471,5.86624203821656,Airports
1281,TYR,EV,1639,4.957291031116535,Airports
1282,TYR,MQ,560,12.842857142857143,Airports
1283,TYS,DL,928,4.2844827586206895,Airports
1284,TYS,EV,4811,10.711702348784037,Airports
1285,TYS,F9,103,9.699029126213592,Airports
1286,TYS,MQ,839,15.418355184743742,Airports
1287,TYS,OO,73,25.78082191780822,Airports
1288,UST,F9,144,16.368055555555557,Airports
1289,VEL,OO,200,-3.74,Airports
1290,VLD,EV,925,7.317837837837838,Airports
1291,VPS,DL,1753,6.779235596120936,Airports
1292,VPS,EV,2454,10.78158109209454,Airports
1293,VPS,MQ,473,13.471458773784356,Airports
1294,VPS,OO,64,13.78125,Airports
1295,WRG,AS,649,2.953775038520801,Airports
1296,WYS,OO,208,1.375,Airports
1297,XNA,AA,18,-7.055555555555555,Airports
1298,XNA,DL,533,3.4221388367729833,Airports
1299,XNA,EV,2919,9.768413840356287,Airports
1300,XNA,MQ,4241,15.33199717047866,Airports
1301,XNA,OO,1252,8.488019169329073,Airports
1302,YAK,AS,650,-6.507692307692308,Airports
1303,YUM,OO,1854,1.232470334412082,Airports
1303,YUM,OO,1854,1.232470334412082,Airports

