ids,ORIGIN_AIRPORT,AIRLINE,FLIGHT_COUNT_ORIGIN,AVERAGE_DEPARTURE_DELAY,parents_origin,parents,TOTAL_FLIGHTS,ids2,DESTINATION_AIRPORT,FLIGHT_COUNT_DESTINATION,AVERAGE_ARRIVAL_DELAY,parents_destination
0,ABE,DL,308,2.9123376623376624,Airports,Airlines,794817,54,ATL,220006,-0.8377498795487396,Airports
7,ABQ,DL,1237,5.309620048504447,Airports,Airlines,794817,54,ATL,220006,-0.8377498795487396,Airports
25,AGS,DL,696,6.175287356321839,Airports,Airlines,794817,54,ATL,220006,-0.8377498795487396,Airports
32,ALB,DL,1194,6.501675041876047,Airports,Airlines,794817,54,ATL,220006,-0.8377498795487396,Airports
46,ANC,DL,2011,6.017404276479364,Airports,Airlines,794817,54,ATL,220006,-0.8377498795487396,Airports
54,ATL,DL,220400,7.869319419237749,Airports,Airlines,794817,0,ABE,307,3.990228013029316,Airports
54,ATL,DL,220400,7.869319419237749,Airports,Airlines,794817,7,ABQ,1237,-0.7890056588520614,Airports
54,ATL,DL,220400,7.869319419237749,Airports,Airlines,794817,25,AGS,697,6.001434720229555,Airports
54,ATL,DL,220400,7.869319419237749,Airports,Airlines,794817,32,ALB,1196,1.4055183946488294,Airports
54,ATL,DL,220400,7.869319419237749,Airports,Airlines,794817,46,ANC,2014,4.627110228401191,Airports
54,ATL,DL,220400,7.869319419237749,Airports,Airlines,794817,54,ATL,220006,-0.8377498795487396,Airports
54,ATL,DL,220400,7.869319419237749,Airports,Airlines,794817,63,ATW,446,-1.0829596412556053,Airports
54,ATL,DL,220400,7.869319419237749,Airports,Airlines,794817,69,AUS,3433,-1.1028255170404897,Airports
54,ATL,DL,220400,7.869319419237749,Airports,Airlines,794817,77,AVL,637,5.207221350078493,Airports
54,ATL,DL,220400,7.869319419237749,Airports,Airlines,794817,80,AVP,124,2.717741935483871,Airports
54,ATL,DL,220400,7.869319419237749,Airports,Airlines,794817,87,BDL,4048,-1.615612648221344,Airports
54,ATL,DL,220400,7.869319419237749,Airports,Airlines,794817,98,BGR,189,0.798941798941799,Airports
54,ATL,DL,220400,7.869319419237749,Airports,Airlines,794817,101,BHM,3040,0.0279605263157894,Airports
54,ATL,DL,220400,7.869319419237749,Airports,Airlines,794817,106,BIL,982,-2.1262729124236253,Airports
54,ATL,DL,220400,7.869319419237749,Airports,Airlines,794817,110,BIS,277,-4.472924187725631,Airports
54,ATL,DL,220400,7.869319419237749,Airports,Airlines,794817,123,BNA,4634,1.1704790677600343,Airports
54,ATL,DL,220400,7.869319419237749,Airports,Airlines,794817,132,BOI,1048,-1.0715648854961832,Airports
54,ATL,DL,220400,7.869319419237749,Airports,Airlines,794817,140,BOS,13937,4.566692975532755,Airports
54,ATL,DL,220400,7.869319419237749,Airports,Airlines,794817,160,BTR,315,-9.746031746031743,Airports
54,ATL,DL,220400,7.869319419237749,Airports,Airlines,794817,166,BTV,88,9.897727272727272,Airports
54,ATL,DL,220400,7.869319419237749,Airports,Airlines,794817,171,BUF,2381,0.4439311213775724,Airports
54,ATL,DL,220400,7.869319419237749,Airports,Airlines,794817,185,BWI,6479,-0.2290476925451458,Airports
54,ATL,DL,220400,7.869319419237749,Airports,Airlines,794817,193,BZN,1078,0.0825602968460111,Airports
54,ATL,DL,220400,7.869319419237749,Airports,Airlines,794817,197,CAE,1013,1.250740375123396,Airports
54,ATL,DL,220400,7.869319419237749,Airports,Airlines,794817,201,CAK,1336,-0.3892215568862275,Airports
54,ATL,DL,220400,7.869319419237749,Airports,Airlines,794817,208,CHA,777,2.988416988416988,Airports
54,ATL,DL,220400,7.869319419237749,Airports,Airlines,794817,212,CHO,321,4.221183800623053,Airports
54,ATL,DL,220400,7.869319419237749,Airports,Airlines,794817,219,CHS,3586,-1.2504182933630787,Airports
54,ATL,DL,220400,7.869319419237749,Airports,Airlines,794817,234,CLE,2275,-1.934065934065934,Airports
54,ATL,DL,220400,7.869319419237749,Airports,Airlines,794817,247,CLT,5974,-0.1429527954469367,Airports
54,ATL,DL,220400,7.869319419237749,Airports,Airlines,794817,256,CMH,3024,0.9487433862433864,Airports
54,ATL,DL,220400,7.869319419237749,Airports,Airlines,794817,268,COS,304,10.539473684210526,Airports
54,ATL,DL,220400,7.869319419237749,Airports,Airlines,794817,277,CRW,312,8.961538461538462,Airports
54,ATL,DL,220400,7.869319419237749,Airports,Airlines,794817,282,CVG,5795,-0.0188093183779119,Airports
54,ATL,DL,220400,7.869319419237749,Airports,Airlines,794817,291,DAB,1482,1.8535762483130904,Airports
54,ATL,DL,220400,7.869319419237749,Airports,Airlines,794817,294,DAL,1420,-4.711971830985916,Airports
54,ATL,DL,220400,7.869319419237749,Airports,Airlines,794817,300,DAY,1306,2.5704441041347628,Airports
54,ATL,DL,220400,7.869319419237749,Airports,Airlines,794817,309,DCA,8488,2.953699340245052,Airports
54,ATL,DL,220400,7.869319419237749,Airports,Airlines,794817,321,DEN,7049,-0.4501347708894879,Airports
54,ATL,DL,220400,7.869319419237749,Airports,Airlines,794817,332,DFW,5061,-0.6401896858328393,Airports
54,ATL,DL,220400,7.869319419237749,Airports,Airlines,794817,344,DLH,199,-6.150753768844221,Airports
54,ATL,DL,220400,7.869319419237749,Airports,Airlines,794817,350,DSM,933,-2.0685959271168275,Airports
54,ATL,DL,220400,7.869319419237749,Airports,Airlines,794817,361,DTW,50313,0.6102001470792837,Airports
54,ATL,DL,220400,7.869319419237749,Airports,Airlines,794817,372,ECP,1874,2.385272145144077,Airports
54,ATL,DL,220400,7.869319419237749,Airports,Airlines,794817,376,EGE,100,-0.52,Airports
54,ATL,DL,220400,7.869319419237749,Airports,Airlines,794817,381,ELP,697,0.1205164992826398,Airports
54,ATL,DL,220400,7.869319419237749,Airports,Airlines,794817,389,EVV,353,6.192634560906516,Airports
54,ATL,DL,220400,7.869319419237749,Airports,Airlines,794817,397,EWR,4945,4.546208291203236,Airports
54,ATL,DL,220400,7.869319419237749,Airports,Airlines,794817,405,EYW,990,1.1313131313131313,Airports
54,ATL,DL,220400,7.869319419237749,Airports,Airlines,794817,409,FAI,232,3.556034482758621,Airports
54,ATL,DL,220400,7.869319419237749,Airports,Airlines,794817,411,FAR,712,0.372191011235955,Airports
54,ATL,DL,220400,7.869319419237749,Airports,Airlines,794817,419,FAY,471,1.929936305732484,Airports
54,ATL,DL,220400,7.869319419237749,Airports,Airlines,794817,421,FCA,292,-1.5308219178082192,Airports
54,ATL,DL,220400,7.869319419237749,Airports,Airlines,794817,427,FLL,10508,0.1354206318995051,Airports
54,ATL,DL,220400,7.869319419237749,Airports,Airlines,794817,434,FNT,925,2.6983783783783784,Airports
54,ATL,DL,220400,7.869319419237749,Airports,Airlines,794817,439,FSD,426,5.694835680751174,Airports
54,ATL,DL,220400,7.869319419237749,Airports,Airlines,794817,455,GEG,1440,-2.2694444444444444,Airports
54,ATL,DL,220400,7.869319419237749,Airports,Airlines,794817,467,GNV,272,2.360294117647059,Airports
54,ATL,DL,220400,7.869319419237749,Airports,Airlines,794817,470,GPT,1131,-0.93368700265252,Airports
54,ATL,DL,220400,7.869319419237749,Airports,Airlines,794817,473,GRB,617,0.2366288492706645,Airports
54,ATL,DL,220400,7.869319419237749,Airports,Airlines,794817,480,GRR,2819,1.2068109258602342,Airports
54,ATL,DL,220400,7.869319419237749,Airports,Airlines,794817,487,GSO,1891,1.4849286092014806,Airports
54,ATL,DL,220400,7.869319419237749,Airports,Airlines,794817,493,GSP,1671,1.666068222621185,Airports
54,ATL,DL,220400,7.869319419237749,Airports,Airlines,794817,508,HDN,95,-0.7473684210526316,Airports
54,ATL,DL,220400,7.869319419237749,Airports,Airlines,794817,516,HNL,2750,5.784727272727273,Airports
54,ATL,DL,220400,7.869319419237749,Airports,Airlines,794817,524,HOU,1692,-5.224586288416075,Airports
54,ATL,DL,220400,7.869319419237749,Airports,Airlines,794817,534,HSV,1760,0.86875,Airports
54,ATL,DL,220400,7.869319419237749,Airports,Airlines,794817,542,IAD,2355,-1.073036093418259,Airports
54,ATL,DL,220400,7.869319419237749,Airports,Airlines,794817,552,IAH,2916,-0.8388203017832647,Airports
54,ATL,DL,220400,7.869319419237749,Airports,Airlines,794817,561,ICT,858,-2.509324009324009,Airports
54,ATL,DL,220400,7.869319419237749,Airports,Airlines,794817,571,ILM,348,5.818965517241379,Airports
54,ATL,DL,220400,7.869319419237749,Airports,Airlines,794817,577,IND,4386,0.7544459644322845,Airports
54,ATL,DL,220400,7.869319419237749,Airports,Airlines,794817,594,JAC,768,-0.484375,Airports
54,ATL,DL,220400,7.869319419237749,Airports,Airlines,794817,597,JAN,1894,-0.7940865892291447,Airports
54,ATL,DL,220400,7.869319419237749,Airports,Airlines,794817,602,JAX,4222,3.820464234959735,Airports
54,ATL,DL,220400,7.869319419237749,Airports,Airlines,794817,612,JFK,25022,5.761250099912077,Airports
54,ATL,DL,220400,7.869319419237749,Airports,Airlines,794817,622,JNU,139,3.8633093525179856,Airports
54,ATL,DL,220400,7.869319419237749,Airports,Airlines,794817,626,KOA,347,3.971181556195965,Airports
54,ATL,DL,220400,7.869319419237749,Airports,Airlines,794817,632,LAN,4,-4.5,Airports
54,ATL,DL,220400,7.869319419237749,Airports,Airlines,794817,639,LAS,10588,-1.0867019267094824,Airports
54,ATL,DL,220400,7.869319419237749,Airports,Airlines,794817,653,LAX,25076,2.135468176742702,Airports
54,ATL,DL,220400,7.869319419237749,Airports,Airlines,794817,671,LEX,991,-0.4490413723511604,Airports
54,ATL,DL,220400,7.869319419237749,Airports,Airlines,794817,675,LFT,340,0.923529411764706,Airports
54,ATL,DL,220400,7.869319419237749,Airports,Airlines,794817,681,LGA,23657,9.840681405080948,Airports
54,ATL,DL,220400,7.869319419237749,Airports,Airlines,794817,695,LIH,334,5.925149700598802,Airports
54,ATL,DL,220400,7.869319419237749,Airports,Airlines,794817,700,LIT,1926,-1.0134994807892004,Airports
54,ATL,DL,220400,7.869319419237749,Airports,Airlines,794817,720,MCI,5065,0.5658440276406713,Airports
54,ATL,DL,220400,7.869319419237749,Airports,Airlines,794817,732,MCO,15292,2.987967564739733,Airports
54,ATL,DL,220400,7.869319419237749,Airports,Airlines,794817,741,MDT,922,-0.7245119305856833,Airports
54,ATL,DL,220400,7.869319419237749,Airports,Airlines,794817,748,MDW,2504,-0.5291533546325878,Airports
54,ATL,DL,220400,7.869319419237749,Airports,Airlines,794817,755,MEM,4067,0.3493975903614458,Airports
54,ATL,DL,220400,7.869319419237749,Airports,Airlines,794817,773,MHT,443,0.0474040632054176,Airports
54,ATL,DL,220400,7.869319419237749,Airports,Airlines,794817,777,MIA,8423,0.0655348450670782,Airports
54,ATL,DL,220400,7.869319419237749,Airports,Airlines,794817,784,MKE,4646,-0.7096427034007748,Airports
54,ATL,DL,220400,7.869319419237749,Airports,Airlines,794817,792,MLB,1259,1.7903097696584591,Airports
54,ATL,DL,220400,7.869319419237749,Airports,Airlines,794817,801,MOB,454,6.561674008810573,Airports
54,ATL,DL,220400,7.869319419237749,Airports,Airlines,794817,805,MOT,4,-7.75,Airports
54,ATL,DL,220400,7.869319419237749,Airports,Airlines,794817,812,MSN,2523,0.2065001981767736,Airports
54,ATL,DL,220400,7.869319419237749,Airports,Airlines,794817,818,MSO,596,-2.4731543624161074,Airports
54,ATL,DL,220400,7.869319419237749,Airports,Airlines,794817,823,MSP,55736,0.1335761446820726,Airports
54,ATL,DL,220400,7.869319419237749,Airports,Airlines,794817,835,MSY,6904,-0.7208864426419467,Airports
54,ATL,DL,220400,7.869319419237749,Airports,Airlines,794817,845,MTJ,35,-1.3428571428571427,Airports
54,ATL,DL,220400,7.869319419237749,Airports,Airlines,794817,851,MYR,851,3.064629847238543,Airports
54,ATL,DL,220400,7.869319419237749,Airports,Airlines,794817,859,OAK,919,-3.7845484221980414,Airports
54,ATL,DL,220400,7.869319419237749,Airports,Airlines,794817,867,OGG,966,6.855072463768116,Airports
54,ATL,DL,220400,7.869319419237749,Airports,Airlines,794817,873,OKC,1485,-2.4343434343434343,Airports
54,ATL,DL,220400,7.869319419237749,Airports,Airlines,794817,881,OMA,2162,-0.6253469010175763,Airports
54,ATL,DL,220400,7.869319419237749,Airports,Airlines,794817,892,ONT,211,-1.3554502369668249,Airports
54,ATL,DL,220400,7.869319419237749,Airports,Airlines,794817,899,ORD,6920,5.175289017341041,Airports
54,ATL,DL,220400,7.869319419237749,Airports,Airlines,794817,909,ORF,2703,0.7003329633740288,Airports
54,ATL,DL,220400,7.869319419237749,Airports,Airlines,794817,923,PBI,5651,1.4967262431428066,Airports
54,ATL,DL,220400,7.869319419237749,Airports,Airlines,794817,934,PDX,5421,0.4633831396421324,Airports
54,ATL,DL,220400,7.869319419237749,Airports,Airlines,794817,943,PHF,82,6.243902439024391,Airports
54,ATL,DL,220400,7.869319419237749,Airports,Airlines,794817,949,PHL,6522,4.467647960748237,Airports
54,ATL,DL,220400,7.869319419237749,Airports,Airlines,794817,961,PHX,6891,-1.3841242199970976,Airports
54,ATL,DL,220400,7.869319419237749,Airports,Airlines,794817,977,PIT,3485,0.6266857962697274,Airports
54,ATL,DL,220400,7.869319419237749,Airports,Airlines,794817,986,PNS,2248,2.165925266903914,Airports
54,ATL,DL,220400,7.869319419237749,Airports,Airlines,794817,991,PSC,305,-0.0098360655737704,Airports
54,ATL,DL,220400,7.869319419237749,Airports,Airlines,794817,997,PSP,155,-7.103225806451613,Airports
54,ATL,DL,220400,7.869319419237749,Airports,Airlines,794817,1006,PVD,1454,-1.2737276478679505,Airports
54,ATL,DL,220400,7.869319419237749,Airports,Airlines,794817,1014,PWM,667,1.3208395802098951,Airports
54,ATL,DL,220400,7.869319419237749,Airports,Airlines,794817,1018,RAP,169,-1.0532544378698223,Airports
54,ATL,DL,220400,7.869319419237749,Airports,Airlines,794817,1027,RDU,5066,0.5878405053296486,Airports
54,ATL,DL,220400,7.869319419237749,Airports,Airlines,794817,1038,RIC,2564,1.437597503900156,Airports
54,ATL,DL,220400,7.869319419237749,Airports,Airlines,794817,1048,RNO,929,-1.8869752421959096,Airports
54,ATL,DL,220400,7.869319419237749,Airports,Airlines,794817,1053,ROA,383,3.971279373368146,Airports
54,ATL,DL,220400,7.869319419237749,Airports,Airlines,794817,1057,ROC,1224,0.9076797385620916,Airports
54,ATL,DL,220400,7.869319419237749,Airports,Airlines,794817,1070,RSW,5499,-0.5879250772867795,Airports
54,ATL,DL,220400,7.869319419237749,Airports,Airlines,794817,1084,SAN,5823,-3.1471749957066804,Airports
54,ATL,DL,220400,7.869319419237749,Airports,Airlines,794817,1095,SAT,2984,-1.4249329758713136,Airports
54,ATL,DL,220400,7.869319419237749,Airports,Airlines,794817,1103,SAV,3128,3.04187979539642,Airports
54,ATL,DL,220400,7.869319419237749,Airports,Airlines,794817,1109,SBN,14,-15.714285714285714,Airports
54,ATL,DL,220400,7.869319419237749,Airports,Airlines,794817,1116,SDF,2666,1.4249812453113275,Airports
54,ATL,DL,220400,7.869319419237749,Airports,Airlines,794817,1126,SEA,13513,1.3069636646192555,Airports
54,ATL,DL,220400,7.869319419237749,Airports,Airlines,794817,1137,SFO,9648,2.226057213930348,Airports
54,ATL,DL,220400,7.869319419237749,Airports,Airlines,794817,1145,SGF,331,4.018126888217522,Airports
54,ATL,DL,220400,7.869319419237749,Airports,Airlines,794817,1150,SHV,270,-3.611111111111111,Airports
54,ATL,DL,220400,7.869319419237749,Airports,Airlines,794817,1159,SJC,1315,-0.2653992395437262,Airports
54,ATL,DL,220400,7.869319419237749,Airports,Airlines,794817,1169,SJU,3007,0.7043565014965082,Airports
54,ATL,DL,220400,7.869319419237749,Airports,Airlines,794817,1177,SLC,33197,-1.0088562219477664,Airports
54,ATL,DL,220400,7.869319419237749,Airports,Airlines,794817,1188,SMF,1841,-1.0010863661053775,Airports
54,ATL,DL,220400,7.869319419237749,Airports,Airlines,794817,1197,SNA,2531,-5.874357961280126,Airports
54,ATL,DL,220400,7.869319419237749,Airports,Airlines,794817,1209,SRQ,2096,0.340648854961832,Airports
54,ATL,DL,220400,7.869319419237749,Airports,Airlines,794817,1214,STL,4630,0.0269978401727861,Airports
54,ATL,DL,220400,7.869319419237749,Airports,Airlines,794817,1224,STT,933,-2.307609860664523,Airports
54,ATL,DL,220400,7.869319419237749,Airports,Airlines,794817,1230,STX,37,2.4864864864864864,Airports
54,ATL,DL,220400,7.869319419237749,Airports,Airlines,794817,1238,SYR,1144,0.6005244755244755,Airports
54,ATL,DL,220400,7.869319419237749,Airports,Airlines,794817,1243,TLH,1235,-0.8550607287449393,Airports
54,ATL,DL,220400,7.869319419237749,Airports,Airlines,794817,1250,TPA,10324,1.8891902363425028,Airports
54,ATL,DL,220400,7.869319419237749,Airports,Airlines,794817,1257,TRI,476,-2.258403361344538,Airports
54,ATL,DL,220400,7.869319419237749,Airports,Airlines,794817,1261,TUL,1037,-3.880424300867888,Airports
54,ATL,DL,220400,7.869319419237749,Airports,Airlines,794817,1269,TUS,793,-4.069356872635561,Airports
54,ATL,DL,220400,7.869319419237749,Airports,Airlines,794817,1275,TVC,425,-2.967058823529412,Airports
54,ATL,DL,220400,7.869319419237749,Airports,Airlines,794817,1284,TYS,931,-1.77765843179377,Airports
54,ATL,DL,220400,7.869319419237749,Airports,Airlines,794817,1292,VPS,1750,0.7937142857142857,Airports
54,ATL,DL,220400,7.869319419237749,Airports,Airlines,794817,1299,XNA,538,-0.104089219330855,Airports
63,ATW,DL,443,3.6930022573363432,Airports,Airlines,794817,54,ATL,220006,-0.8377498795487396,Airports
69,AUS,DL,3431,8.524336928009326,Airports,Airlines,794817,54,ATL,220006,-0.8377498795487396,Airports
77,AVL,DL,637,9.392464678178964,Airports,Airlines,794817,54,ATL,220006,-0.8377498795487396,Airports
80,AVP,DL,123,8.926829268292684,Airports,Airlines,794817,54,ATL,220006,-0.8377498795487396,Airports
87,BDL,DL,4039,4.192374350086655,Airports,Airlines,794817,54,ATL,220006,-0.8377498795487396,Airports
98,BGR,DL,189,3.4603174603174605,Airports,Airlines,794817,54,ATL,220006,-0.8377498795487396,Airports
101,BHM,DL,3033,6.373227827233762,Airports,Airlines,794817,54,ATL,220006,-0.8377498795487396,Airports
106,BIL,DL,981,-0.0479102956167176,Airports,Airlines,794817,54,ATL,220006,-0.8377498795487396,Airports
110,BIS,DL,277,-1.415162454873646,Airports,Airlines,794817,54,ATL,220006,-0.8377498795487396,Airports
123,BNA,DL,4628,7.311581676750216,Airports,Airlines,794817,54,ATL,220006,-0.8377498795487396,Airports
132,BOI,DL,1049,2.183031458531936,Airports,Airlines,794817,54,ATL,220006,-0.8377498795487396,Airports
140,BOS,DL,13897,11.99064546304958,Airports,Airlines,794817,54,ATL,220006,-0.8377498795487396,Airports
160,BTR,DL,314,9.337579617834397,Airports,Airlines,794817,54,ATL,220006,-0.8377498795487396,Airports
166,BTV,DL,89,1.5730337078651686,Airports,Airlines,794817,54,ATL,220006,-0.8377498795487396,Airports
171,BUF,DL,2376,5.324074074074074,Airports,Airlines,794817,54,ATL,220006,-0.8377498795487396,Airports
185,BWI,DL,6465,8.701005413766435,Airports,Airlines,794817,54,ATL,220006,-0.8377498795487396,Airports
193,BZN,DL,1078,4.924860853432282,Airports,Airlines,794817,54,ATL,220006,-0.8377498795487396,Airports
197,CAE,DL,1010,4.527722772277228,Airports,Airlines,794817,54,ATL,220006,-0.8377498795487396,Airports
201,CAK,DL,1334,5.813343328335832,Airports,Airlines,794817,54,ATL,220006,-0.8377498795487396,Airports
208,CHA,DL,774,5.332041343669251,Airports,Airlines,794817,54,ATL,220006,-0.8377498795487396,Airports
212,CHO,DL,320,1.028125,Airports,Airlines,794817,54,ATL,220006,-0.8377498795487396,Airports
219,CHS,DL,3581,5.02904216699246,Airports,Airlines,794817,54,ATL,220006,-0.8377498795487396,Airports
234,CLE,DL,2273,4.304443466783986,Airports,Airlines,794817,54,ATL,220006,-0.8377498795487396,Airports
247,CLT,DL,5974,6.295614328757951,Airports,Airlines,794817,54,ATL,220006,-0.8377498795487396,Airports
256,CMH,DL,3026,5.854923992068738,Airports,Airlines,794817,54,ATL,220006,-0.8377498795487396,Airports
268,COS,DL,305,7.527868852459016,Airports,Airlines,794817,54,ATL,220006,-0.8377498795487396,Airports
277,CRW,DL,314,6.273885350318471,Airports,Airlines,794817,54,ATL,220006,-0.8377498795487396,Airports
282,CVG,DL,5791,4.871697461578311,Airports,Airlines,794817,54,ATL,220006,-0.8377498795487396,Airports
291,DAB,DL,1479,5.295469912102772,Airports,Airlines,794817,54,ATL,220006,-0.8377498795487396,Airports
294,DAL,DL,1415,6.662190812720848,Airports,Airlines,794817,54,ATL,220006,-0.8377498795487396,Airports
300,DAY,DL,1306,7.053598774885145,Airports,Airlines,794817,54,ATL,220006,-0.8377498795487396,Airports
309,DCA,DL,8495,9.26745144202472,Airports,Airlines,794817,54,ATL,220006,-0.8377498795487396,Airports
321,DEN,DL,7031,8.17664628075665,Airports,Airlines,794817,54,ATL,220006,-0.8377498795487396,Airports
332,DFW,DL,5061,9.673384706579728,Airports,Airlines,794817,54,ATL,220006,-0.8377498795487396,Airports
344,DLH,DL,199,6.251256281407035,Airports,Airlines,794817,54,ATL,220006,-0.8377498795487396,Airports
350,DSM,DL,928,8.451508620689655,Airports,Airlines,794817,54,ATL,220006,-0.8377498795487396,Airports
361,DTW,DL,50297,8.120862079249259,Airports,Airlines,794817,54,ATL,220006,-0.8377498795487396,Airports
372,ECP,DL,1876,6.97228144989339,Airports,Airlines,794817,54,ATL,220006,-0.8377498795487396,Airports
376,EGE,DL,101,11.94059405940594,Airports,Airlines,794817,54,ATL,220006,-0.8377498795487396,Airports
381,ELP,DL,695,6.870503597122302,Airports,Airlines,794817,54,ATL,220006,-0.8377498795487396,Airports
389,EVV,DL,354,6.014124293785311,Airports,Airlines,794817,54,ATL,220006,-0.8377498795487396,Airports
397,EWR,DL,4942,10.621813031161471,Airports,Airlines,794817,54,ATL,220006,-0.8377498795487396,Airports
405,EYW,DL,983,4.90233977619532,Airports,Airlines,794817,54,ATL,220006,-0.8377498795487396,Airports
409,FAI,DL,230,10.743478260869566,Airports,Airlines,794817,54,ATL,220006,-0.8377498795487396,Airports
411,FAR,DL,712,4.686797752808989,Airports,Airlines,794817,54,ATL,220006,-0.8377498795487396,Airports
419,FAY,DL,470,6.506382978723404,Airports,Airlines,794817,54,ATL,220006,-0.8377498795487396,Airports
421,FCA,DL,291,2.206185567010309,Airports,Airlines,794817,54,ATL,220006,-0.8377498795487396,Airports
427,FLL,DL,10473,7.154301537286355,Airports,Airlines,794817,54,ATL,220006,-0.8377498795487396,Airports
434,FNT,DL,924,3.103896103896104,Airports,Airlines,794817,54,ATL,220006,-0.8377498795487396,Airports
439,FSD,DL,425,2.2494117647058824,Airports,Airlines,794817,54,ATL,220006,-0.8377498795487396,Airports
455,GEG,DL,1440,6.653472222222222,Airports,Airlines,794817,54,ATL,220006,-0.8377498795487396,Airports
467,GNV,DL,271,3.730627306273063,Airports,Airlines,794817,54,ATL,220006,-0.8377498795487396,Airports
470,GPT,DL,1127,3.890860692102928,Airports,Airlines,794817,54,ATL,220006,-0.8377498795487396,Airports
473,GRB,DL,616,2.139610389610389,Airports,Airlines,794817,54,ATL,220006,-0.8377498795487396,Airports
480,GRR,DL,2818,3.97374024130589,Airports,Airlines,794817,54,ATL,220006,-0.8377498795487396,Airports
487,GSO,DL,1890,5.386772486772487,Airports,Airlines,794817,54,ATL,220006,-0.8377498795487396,Airports
493,GSP,DL,1672,5.816985645933015,Airports,Airlines,794817,54,ATL,220006,-0.8377498795487396,Airports
508,HDN,DL,95,12.589473684210526,Airports,Airlines,794817,54,ATL,220006,-0.8377498795487396,Airports
516,HNL,DL,2750,8.078545454545454,Airports,Airlines,794817,54,ATL,220006,-0.8377498795487396,Airports
524,HOU,DL,1692,6.4763593380614655,Airports,Airlines,794817,54,ATL,220006,-0.8377498795487396,Airports
534,HSV,DL,1757,5.575412635173591,Airports,Airlines,794817,54,ATL,220006,-0.8377498795487396,Airports
542,IAD,DL,2351,7.697575499787325,Airports,Airlines,794817,54,ATL,220006,-0.8377498795487396,Airports
552,IAH,DL,2913,9.477171301064194,Airports,Airlines,794817,54,ATL,220006,-0.8377498795487396,Airports
561,ICT,DL,853,6.150058616647128,Airports,Airlines,794817,54,ATL,220006,-0.8377498795487396,Airports
571,ILM,DL,346,6.523121387283237,Airports,Airlines,794817,54,ATL,220006,-0.8377498795487396,Airports
577,IND,DL,4383,7.152407027150353,Airports,Airlines,794817,54,ATL,220006,-0.8377498795487396,Airports
594,JAC,DL,767,2.1421121251629724,Airports,Airlines,794817,54,ATL,220006,-0.8377498795487396,Airports
597,JAN,DL,1893,4.9260433174854725,Airports,Airlines,794817,54,ATL,220006,-0.8377498795487396,Airports
602,JAX,DL,4216,6.413899430740038,Airports,Airlines,794817,54,ATL,220006,-0.8377498795487396,Airports
612,JFK,DL,25037,13.173383392578984,Airports,Airlines,794817,54,ATL,220006,-0.8377498795487396,Airports
622,JNU,DL,139,8.726618705035971,Airports,Airlines,794817,54,ATL,220006,-0.8377498795487396,Airports
626,KOA,DL,345,13.747826086956522,Airports,Airlines,794817,54,ATL,220006,-0.8377498795487396,Airports
632,LAN,DL,4,-3.25,Airports,Airlines,794817,54,ATL,220006,-0.8377498795487396,Airports
639,LAS,DL,10571,5.9819316999337815,Airports,Airlines,794817,54,ATL,220006,-0.8377498795487396,Airports
653,LAX,DL,25068,10.377373543960427,Airports,Airlines,794817,54,ATL,220006,-0.8377498795487396,Airports
671,LEX,DL,990,2.611111111111111,Airports,Airlines,794817,54,ATL,220006,-0.8377498795487396,Airports
675,LFT,DL,338,8.04733727810651,Airports,Airlines,794817,54,ATL,220006,-0.8377498795487396,Airports
681,LGA,DL,23745,14.639882080437989,Airports,Airlines,794817,54,ATL,220006,-0.8377498795487396,Airports
695,LIH,DL,332,13.123493975903614,Airports,Airlines,794817,54,ATL,220006,-0.8377498795487396,Airports
700,LIT,DL,1918,5.054744525547445,Airports,Airlines,794817,54,ATL,220006,-0.8377498795487396,Airports
720,MCI,DL,5055,5.742631058358062,Airports,Airlines,794817,54,ATL,220006,-0.8377498795487396,Airports
732,MCO,DL,15290,8.578744277305429,Airports,Airlines,794817,54,ATL,220006,-0.8377498795487396,Airports
741,MDT,DL,920,6.978260869565218,Airports,Airlines,794817,54,ATL,220006,-0.8377498795487396,Airports
748,MDW,DL,2499,8.0828331332533,Airports,Airlines,794817,54,ATL,220006,-0.8377498795487396,Airports
755,MEM,DL,4060,6.3399014778325125,Airports,Airlines,794817,54,ATL,220006,-0.8377498795487396,Airports
773,MHT,DL,442,2.264705882352941,Airports,Airlines,794817,54,ATL,220006,-0.8377498795487396,Airports
777,MIA,DL,8400,10.89440476190476,Airports,Airlines,794817,54,ATL,220006,-0.8377498795487396,Airports
784,MKE,DL,4635,5.7201725997842505,Airports,Airlines,794817,54,ATL,220006,-0.8377498795487396,Airports
792,MLB,DL,1254,8.227272727272727,Airports,Airlines,794817,54,ATL,220006,-0.8377498795487396,Airports
801,MOB,DL,454,5.140969162995595,Airports,Airlines,794817,54,ATL,220006,-0.8377498795487396,Airports
805,MOT,DL,4,-5.75,Airports,Airlines,794817,54,ATL,220006,-0.8377498795487396,Airports
812,MSN,DL,2519,2.7121873759428343,Airports,Airlines,794817,54,ATL,220006,-0.8377498795487396,Airports
818,MSO,DL,597,1.3986599664991626,Airports,Airlines,794817,54,ATL,220006,-0.8377498795487396,Airports
823,MSP,DL,55741,5.64184352630918,Airports,Airlines,794817,54,ATL,220006,-0.8377498795487396,Airports
835,MSY,DL,6907,7.782829014043724,Airports,Airlines,794817,54,ATL,220006,-0.8377498795487396,Airports
845,MTJ,DL,35,26.285714285714285,Airports,Airlines,794817,54,ATL,220006,-0.8377498795487396,Airports
851,MYR,DL,851,3.129259694477086,Airports,Airlines,794817,54,ATL,220006,-0.8377498795487396,Airports
859,OAK,DL,917,2.3380588876772084,Airports,Airlines,794817,54,ATL,220006,-0.8377498795487396,Airports
867,OGG,DL,959,15.050052137643378,Airports,Airlines,794817,54,ATL,220006,-0.8377498795487396,Airports
873,OKC,DL,1482,5.135627530364372,Airports,Airlines,794817,54,ATL,220006,-0.8377498795487396,Airports
881,OMA,DL,2160,4.164814814814815,Airports,Airlines,794817,54,ATL,220006,-0.8377498795487396,Airports
892,ONT,DL,211,-2.203791469194313,Airports,Airlines,794817,54,ATL,220006,-0.8377498795487396,Airports
899,ORD,DL,6918,13.806880601329864,Airports,Airlines,794817,54,ATL,220006,-0.8377498795487396,Airports
909,ORF,DL,2696,6.341246290801187,Airports,Airlines,794817,54,ATL,220006,-0.8377498795487396,Airports
923,PBI,DL,5629,10.9589625155445,Airports,Airlines,794817,54,ATL,220006,-0.8377498795487396,Airports
934,PDX,DL,5421,4.232613908872902,Airports,Airlines,794817,54,ATL,220006,-0.8377498795487396,Airports
943,PHF,DL,81,9.679012345679013,Airports,Airlines,794817,54,ATL,220006,-0.8377498795487396,Airports
949,PHL,DL,6509,9.931018589645106,Airports,Airlines,794817,54,ATL,220006,-0.8377498795487396,Airports
961,PHX,DL,6883,4.3158506465204125,Airports,Airlines,794817,54,ATL,220006,-0.8377498795487396,Airports
977,PIT,DL,3474,6.965745538284399,Airports,Airlines,794817,54,ATL,220006,-0.8377498795487396,Airports
986,PNS,DL,2250,5.229777777777778,Airports,Airlines,794817,54,ATL,220006,-0.8377498795487396,Airports
991,PSC,DL,304,0.7861842105263158,Airports,Airlines,794817,54,ATL,220006,-0.8377498795487396,Airports
997,PSP,DL,153,15.320261437908496,Airports,Airlines,794817,54,ATL,220006,-0.8377498795487396,Airports
1005,PVD,DL,1454,6.2214580467675376,Airports,Airlines,794817,54,ATL,220006,-0.8377498795487396,Airports
1013,PWM,DL,666,10.57807807807808,Airports,Airlines,794817,54,ATL,220006,-0.8377498795487396,Airports
1017,RAP,DL,170,5.476470588235294,Airports,Airlines,794817,54,ATL,220006,-0.8377498795487396,Airports
1026,RDU,DL,5069,8.128822252909844,Airports,Airlines,794817,54,ATL,220006,-0.8377498795487396,Airports
1037,RIC,DL,2565,9.590643274853802,Airports,Airlines,794817,54,ATL,220006,-0.8377498795487396,Airports
1047,RNO,DL,929,1.0624327233584498,Airports,Airlines,794817,54,ATL,220006,-0.8377498795487396,Airports
1052,ROA,DL,385,7.698701298701299,Airports,Airlines,794817,54,ATL,220006,-0.8377498795487396,Airports
1056,ROC,DL,1221,8.775593775593775,Airports,Airlines,794817,54,ATL,220006,-0.8377498795487396,Airports
1069,RSW,DL,5485,4.631540565177757,Airports,Airlines,794817,54,ATL,220006,-0.8377498795487396,Airports
1083,SAN,DL,5824,2.99845467032967,Airports,Airlines,794817,54,ATL,220006,-0.8377498795487396,Airports
1094,SAT,DL,2977,4.581457843466577,Airports,Airlines,794817,54,ATL,220006,-0.8377498795487396,Airports
1102,SAV,DL,3125,6.25408,Airports,Airlines,794817,54,ATL,220006,-0.8377498795487396,Airports
1108,SBN,DL,14,3.2142857142857144,Airports,Airlines,794817,54,ATL,220006,-0.8377498795487396,Airports
1115,SDF,DL,2660,6.224436090225564,Airports,Airlines,794817,54,ATL,220006,-0.8377498795487396,Airports
1125,SEA,DL,13506,7.6563009033022364,Airports,Airlines,794817,54,ATL,220006,-0.8377498795487396,Airports
1136,SFO,DL,9634,8.754515258459621,Airports,Airlines,794817,54,ATL,220006,-0.8377498795487396,Airports
1144,SGF,DL,333,3.333333333333333,Airports,Airlines,794817,54,ATL,220006,-0.8377498795487396,Airports
1149,SHV,DL,270,7.544444444444444,Airports,Airlines,794817,54,ATL,220006,-0.8377498795487396,Airports
1158,SJC,DL,1312,7.845274390243903,Airports,Airlines,794817,54,ATL,220006,-0.8377498795487396,Airports
1168,SJU,DL,3000,4.934333333333333,Airports,Airlines,794817,54,ATL,220006,-0.8377498795487396,Airports
1176,SLC,DL,33202,4.845762303475694,Airports,Airlines,794817,54,ATL,220006,-0.8377498795487396,Airports
1187,SMF,DL,1838,7.482045701849837,Airports,Airlines,794817,54,ATL,220006,-0.8377498795487396,Airports
1196,SNA,DL,2533,2.8476115278326097,Airports,Airlines,794817,54,ATL,220006,-0.8377498795487396,Airports
1208,SRQ,DL,2090,5.933971291866029,Airports,Airlines,794817,54,ATL,220006,-0.8377498795487396,Airports
1213,STL,DL,4626,4.138780804150454,Airports,Airlines,794817,54,ATL,220006,-0.8377498795487396,Airports
1223,STT,DL,927,6.713052858683927,Airports,Airlines,794817,54,ATL,220006,-0.8377498795487396,Airports
1229,STX,DL,36,9.88888888888889,Airports,Airlines,794817,54,ATL,220006,-0.8377498795487396,Airports
1237,SYR,DL,1140,5.021052631578947,Airports,Airlines,794817,54,ATL,220006,-0.8377498795487396,Airports
1242,TLH,DL,1235,3.7481781376518217,Airports,Airlines,794817,54,ATL,220006,-0.8377498795487396,Airports
1249,TPA,DL,10318,8.349583252568328,Airports,Airlines,794817,54,ATL,220006,-0.8377498795487396,Airports
1255,TRI,DL,476,2.6911764705882355,Airports,Airlines,794817,54,ATL,220006,-0.8377498795487396,Airports
1259,TUL,DL,1036,4.424710424710424,Airports,Airlines,794817,54,ATL,220006,-0.8377498795487396,Airports
1268,TUS,DL,791,3.1289506953223767,Airports,Airlines,794817,54,ATL,220006,-0.8377498795487396,Airports
1274,TVC,DL,425,1.1552941176470588,Airports,Airlines,794817,54,ATL,220006,-0.8377498795487396,Airports
1283,TYS,DL,928,4.2844827586206895,Airports,Airlines,794817,54,ATL,220006,-0.8377498795487396,Airports
1291,VPS,DL,1753,6.779235596120936,Airports,Airlines,794817,54,ATL,220006,-0.8377498795487396,Airports
1298,XNA,DL,533,3.422138836772984,Airports,Airlines,794817,54,ATL,220006,-0.8377498795487396,Airports
