ids,ORIGIN_AIRPORT,AIRLINE,FLIGHT_COUNT_ORIGIN,AVERAGE_DEPARTURE_DELAY,parents,parents2,TOTAL_FLIGHTS
0,ABE,DL,308,2.9123376623376624,Airports,Airlines,794817
1,ABE,EV,1869,9.765650080256822,Airports,Airlines,509621
2,ABE,OO,50,3.94,Airports,Airlines,530182
3,ABI,MQ,2231,5.747646795159121,Airports,Airlines,257130
4,ABQ,AA,1820,8.063186813186814,Airports,Airlines,636554
5,ABQ,AS,332,-6.72289156626506,Airports,Airlines,157025
6,ABQ,B6,271,15.586715867158672,Airports,Airlines,240304
7,ABQ,DL,1237,5.309620048504447,Airports,Airlines,794817
8,ABQ,EV,405,5.288888888888889,Airports,Airlines,509621
9,ABQ,MQ,455,13.263736263736265,Airports,Airlines,257130
10,ABQ,OO,3249,4.874730686365036,Airports,Airlines,530182
11,ABQ,UA,339,14.008849557522124,Airports,Airlines,462086
12,ABQ,US,48,2.1875,Airports,Airlines,194223
13,ABQ,WN,10762,10.625069689648765,Airports,Airlines,1138350
14,ABR,OO,663,10.10105580693816,Airports,Airlines,530182
15,ABY,EV,866,8.75635103926097,Airports,Airlines,509621
16,ACK,B6,485,16.406185567010308,Airports,Airlines,240304
17,ACT,EV,1019,7.40431795878312,Airports,Airlines,509621
18,ACT,MQ,519,6.980732177263969,Airports,Airlines,257130
19,ACV,OO,1268,11.964511041009464,Airports,Airlines,530182
20,ACY,NK,3527,9.964842642472355,Airports,Airlines,105059
21,ADK,AS,88,10.409090909090908,Airports,Airlines,157025
22,ADQ,AS,437,0.4050343249427917,Airports,Airlines,157025
23,AEX,EV,2259,8.178397521027003,Airports,Airlines,509621
24,AEX,MQ,795,11.833962264150944,Airports,Airlines,257130
25,AGS,DL,696,6.175287356321839,Airports,Airlines,794817
26,AGS,EV,1637,9.54062309102016,Airports,Airlines,509621
27,AGS,OO,11,-0.8181818181818182,Airports,Airlines,530182
28,AGS,UA,1,14.0,Airports,Airlines,462086
29,AKN,AS,63,2.6825396825396823,Airports,Airlines,157025
30,ALB,AA,342,2.973684210526316,Airports,Airlines,636554
31,ALB,B6,44,12.522727272727272,Airports,Airlines,240304
32,ALB,DL,1194,6.501675041876047,Airports,Airlines,794817
33,ALB,EV,715,6.78041958041958,Airports,Airlines,509621
34,ALB,OO,86,12.093023255813954,Airports,Airlines,530182
35,ALB,UA,637,11.133437990580848,Airports,Airlines,462086
36,ALB,US,355,4.48169014084507,Airports,Airlines,194223
37,ALB,WN,3949,6.399088376804254,Airports,Airlines,1138350
38,ALO,MQ,581,5.554216867469879,Airports,Airlines,257130
39,AMA,EV,1106,7.383363471971067,Airports,Airlines,509621
40,AMA,MQ,996,8.36847389558233,Airports,Airlines,257130
41,AMA,OO,451,7.445676274944567,Airports,Airlines,530182
42,AMA,WN,1521,5.9171597633136095,Airports,Airlines,1138350
43,ANC,AA,268,20.99253731343284,Airports,Airlines,636554
44,ANC,AS,11990,0.3411175979983319,Airports,Airlines,157025
45,ANC,B6,385,10.768831168831168,Airports,Airlines,240304
46,ANC,DL,2011,6.017404276479364,Airports,Airlines,794817
47,ANC,UA,1002,26.303393213572853,Airports,Airlines,462086
48,ANC,US,162,1.567901234567901,Airports,Airlines,194223
49,APN,OO,546,4.983516483516484,Airports,Airlines,530182
50,ASE,MQ,437,33.94279176201373,Airports,Airlines,257130
51,ASE,OO,2826,14.83581033262562,Airports,Airlines,530182
52,ATL,AA,7367,6.420523958191937,Airports,Airlines,636554
53,ATL,AS,428,5.707943925233645,Airports,Airlines,157025
54,ATL,DL,220400,7.869319419237749,Airports,Airlines,794817
55,ATL,EV,56156,10.14260274948358,Airports,Airlines,509621
56,ATL,F9,4459,21.878223816999327,Airports,Airlines,82005
57,ATL,MQ,1178,17.00509337860781,Airports,Airlines,257130
58,ATL,NK,4310,23.44199535962877,Airports,Airlines,105059
59,ATL,OO,4106,13.471992206527034,Airports,Airlines,530182
60,ATL,UA,3310,17.17522658610272,Airports,Airlines,462086
61,ATL,US,2886,4.169438669438669,Airports,Airlines,194223
62,ATL,WN,38906,12.715725080964376,Airports,Airlines,1138350
63,ATW,DL,443,3.6930022573363432,Airports,Airlines,794817
64,ATW,EV,1460,6.089041095890411,Airports,Airlines,509621
65,ATW,OO,856,5.692757009345795,Airports,Airlines,530182
66,AUS,AA,7823,8.066342835229452,Airports,Airlines,636554
67,AUS,AS,400,8.24,Airports,Airlines,157025
68,AUS,B6,2175,10.925057471264369,Airports,Airlines,240304
69,AUS,DL,3431,8.524336928009326,Airports,Airlines,794817
70,AUS,EV,323,3.585139318885449,Airports,Airlines,509621
71,AUS,F9,1205,16.23485477178423,Airports,Airlines,82005
72,AUS,OO,2854,11.959004905395936,Airports,Airlines,530182
73,AUS,UA,4227,13.903477643718947,Airports,Airlines,462086
74,AUS,US,460,11.263043478260869,Airports,Airlines,194223
75,AUS,VX,1370,5.404379562043796,Airports,Airlines,55813
76,AUS,WN,17124,10.097173557580003,Airports,Airlines,1138350
77,AVL,DL,637,9.392464678178964,Airports,Airlines,794817
78,AVL,EV,1347,9.100965107646624,Airports,Airlines,509621
79,AVL,OO,689,9.133526850507982,Airports,Airlines,530182
80,AVP,DL,123,8.926829268292684,Airports,Airlines,794817
81,AVP,EV,1203,8.88778054862843,Airports,Airlines,509621
82,AZO,EV,242,8.214876033057852,Airports,Airlines,509621
83,AZO,MQ,1190,2.5025210084033613,Airports,Airlines,257130
84,AZO,OO,311,3.57556270096463,Airports,Airlines,530182
85,BDL,AA,1790,4.5374301675977655,Airports,Airlines,636554
86,BDL,B6,3178,10.071743234738827,Airports,Airlines,240304
87,BDL,DL,4039,4.192374350086655,Airports,Airlines,794817
88,BDL,EV,1228,8.863192182410424,Airports,Airlines,509621
89,BDL,MQ,378,12.912698412698411,Airports,Airlines,257130
90,BDL,OO,516,14.3468992248062,Airports,Airlines,530182
91,BDL,UA,554,14.720216606498196,Airports,Airlines,462086
92,BDL,US,811,2.4821208384710234,Airports,Airlines,194223
93,BDL,WN,5881,8.299438870940316,Airports,Airlines,1138350
94,BET,AS,880,1.7965909090909091,Airports,Airlines,157025
95,BFL,OO,2587,5.812137611132586,Airports,Airlines,530182
96,BGM,EV,197,10.720812182741115,Airports,Airlines,509621
97,BGM,OO,62,10.258064516129032,Airports,Airlines,530182
98,BGR,DL,189,3.4603174603174605,Airports,Airlines,794817
99,BGR,EV,174,8.53448275862069,Airports,Airlines,509621
100,BHM,AA,221,17.06787330316742,Airports,Airlines,636554
101,BHM,DL,3033,6.373227827233762,Airports,Airlines,794817
102,BHM,EV,3158,9.66529449018366,Airports,Airlines,509621
103,BHM,MQ,902,12.618625277161865,Airports,Airlines,257130
104,BHM,OO,877,10.663625997719498,Airports,Airlines,530182
105,BHM,WN,4091,8.638230261549744,Airports,Airlines,1138350
106,BIL,DL,981,-0.0479102956167176,Airports,Airlines,794817
107,BIL,EV,79,-4.455696202531645,Airports,Airlines,509621
108,BIL,OO,1142,1.3774080560420314,Airports,Airlines,530182
109,BIL,UA,649,4.6810477657935285,Airports,Airlines,462086
110,BIS,DL,277,-1.415162454873646,Airports,Airlines,794817
111,BIS,EV,139,6.129496402877698,Airports,Airlines,509621
112,BIS,F9,101,5.356435643564357,Airports,Airlines,82005
113,BIS,MQ,637,12.24175824175824,Airports,Airlines,257130
114,BIS,OO,2228,6.381956912028725,Airports,Airlines,530182
115,BJI,OO,664,5.433734939759036,Airports,Airlines,530182
116,BLI,AS,704,-0.4190340909090909,Airports,Airlines,157025
117,BMI,EV,982,8.660896130346233,Airports,Airlines,509621
118,BMI,F9,36,44.77777777777778,Airports,Airlines,82005
119,BMI,MQ,1521,4.252465483234714,Airports,Airlines,257130
120,BMI,OO,81,10.82716049382716,Airports,Airlines,530182
121,BNA,AA,3914,7.8730199284619315,Airports,Airlines,636554
122,BNA,AS,68,3.4705882352941178,Airports,Airlines,157025
123,BNA,DL,4628,7.311581676750216,Airports,Airlines,794817
124,BNA,EV,2948,7.708955223880597,Airports,Airlines,509621
125,BNA,F9,321,7.566978193146418,Airports,Airlines,82005
126,BNA,MQ,3732,13.443461950696678,Airports,Airlines,257130
127,BNA,OO,2920,11.683219178082192,Airports,Airlines,530182
128,BNA,UA,401,12.673316708229429,Airports,Airlines,462086
129,BNA,US,667,3.0464767616191906,Airports,Airlines,194223
130,BNA,WN,26772,10.00799342596743,Airports,Airlines,1138350
131,BOI,AA,357,5.072829131652661,Airports,Airlines,636554
132,BOI,DL,1049,2.1830314585319357,Airports,Airlines,794817
133,BOI,OO,6245,9.760768614891914,Airports,Airlines,530182
134,BOI,UA,551,14.279491833030852,Airports,Airlines,462086
135,BOI,US,393,3.4834605597964376,Airports,Airlines,194223
136,BOI,WN,2929,8.472516217138955,Airports,Airlines,1138350
137,BOS,AA,17176,4.972403353516535,Airports,Airlines,636554
138,BOS,AS,1382,4.29739507959479,Airports,Airlines,157025
139,BOS,B6,37067,9.405077292470391,Airports,Airlines,240304
140,BOS,DL,13897,11.99064546304958,Airports,Airlines,794817
141,BOS,EV,2212,8.505424954792044,Airports,Airlines,509621
142,BOS,NK,2174,15.113615455381783,Airports,Airlines,105059
143,BOS,OO,252,10.226190476190476,Airports,Airlines,530182
144,BOS,UA,11002,14.595164515542628,Airports,Airlines,462086
145,BOS,US,8401,5.0960599928579935,Airports,Airlines,194223
146,BOS,VX,1542,7.114785992217898,Airports,Airlines,55813
147,BOS,WN,9699,12.386328487472936,Airports,Airlines,1138350
148,BPT,EV,488,16.471311475409838,Airports,Airlines,509621
149,BPT,MQ,417,17.664268585131893,Airports,Airlines,257130
150,BQK,EV,869,8.138089758342923,Airports,Airlines,509621
151,BQN,B6,883,5.780294450736127,Airports,Airlines,240304
152,BQN,NK,161,11.099378881987578,Airports,Airlines,105059
153,BQN,UA,287,33.393728222996515,Airports,Airlines,462086
154,BRD,OO,582,-0.0652920962199312,Airports,Airlines,530182
155,BRO,EV,2114,4.475875118259224,Airports,Airlines,509621
156,BRO,MQ,92,18.90217391304348,Airports,Airlines,257130
157,BRO,OO,52,-3.173076923076923,Airports,Airlines,530182
158,BRW,AS,822,1.186131386861314,Airports,Airlines,157025
159,BTM,OO,647,0.6553323029366306,Airports,Airlines,530182
160,BTR,DL,314,9.337579617834397,Airports,Airlines,794817
161,BTR,EV,6146,10.98877318581191,Airports,Airlines,509621
162,BTR,MQ,507,10.435897435897436,Airports,Airlines,257130
163,BTR,OO,14,23.5,Airports,Airlines,530182
164,BTR,UA,2,56.0,Airports,Airlines,462086
165,BTV,B6,996,7.85140562248996,Airports,Airlines,240304
166,BTV,DL,89,1.5730337078651686,Airports,Airlines,794817
167,BTV,EV,1698,11.18080094228504,Airports,Airlines,509621
168,BTV,UA,101,4.297029702970297,Airports,Airlines,462086
169,BUF,AA,537,2.620111731843576,Airports,Airlines,636554
170,BUF,B6,4011,6.306158065320369,Airports,Airlines,240304
171,BUF,DL,2376,5.324074074074074,Airports,Airlines,794817
172,BUF,EV,1606,8.420921544209216,Airports,Airlines,509621
173,BUF,MQ,929,7.953713670613563,Airports,Airlines,257130
174,BUF,OO,114,9.833333333333334,Airports,Airlines,530182
175,BUF,UA,503,15.003976143141154,Airports,Airlines,462086
176,BUF,US,653,4.055130168453292,Airports,Airlines,194223
177,BUF,WN,5747,7.8654950408909,Airports,Airlines,1138350
178,BUR,AS,1009,-3.284440039643211,Airports,Airlines,157025
179,BUR,B6,302,15.0,Airports,Airlines,240304
180,BUR,OO,3962,6.180716809692075,Airports,Airlines,530182
181,BUR,WN,13254,6.418137920627735,Airports,Airlines,1138350
182,BWI,AA,4056,9.23570019723866,Airports,Airlines,636554
183,BWI,AS,412,7.327669902912621,Airports,Airlines,157025
184,BWI,B6,1734,3.949826989619377,Airports,Airlines,240304
185,BWI,DL,6465,8.701005413766435,Airports,Airlines,794817
186,BWI,EV,340,7.08235294117647,Airports,Airlines,509621
187,BWI,MQ,1043,17.20613614573346,Airports,Airlines,257130
188,BWI,NK,2768,18.90534682080925,Airports,Airlines,105059
189,BWI,OO,1,156.0,Airports,Airlines,530182
190,BWI,UA,2955,12.582402707275804,Airports,Airlines,462086
191,BWI,US,1864,5.708154506437769,Airports,Airlines,194223
192,BWI,WN,62691,14.253529214719816,Airports,Airlines,1138350
193,BZN,DL,1078,4.924860853432282,Airports,Airlines,794817
194,BZN,F9,189,-0.3068783068783068,Airports,Airlines,82005
195,BZN,OO,1613,3.5809051456912586,Airports,Airlines,530182
196,BZN,UA,677,14.726735598227474,Airports,Airlines,462086
197,CAE,DL,1010,4.527722772277228,Airports,Airlines,794817
198,CAE,EV,3821,11.127191834598271,Airports,Airlines,509621
199,CAE,MQ,162,16.203703703703702,Airports,Airlines,257130
200,CAE,OO,33,25.57575757575757,Airports,Airlines,530182
201,CAK,DL,1334,5.813343328335832,Airports,Airlines,794817
202,CAK,EV,1485,5.114478114478114,Airports,Airlines,509621
203,CAK,OO,44,8.681818181818182,Airports,Airlines,530182
204,CAK,WN,3111,6.512696882031501,Airports,Airlines,1138350
205,CDC,OO,572,3.1625874125874125,Airports,Airlines,530182
206,CDV,AS,652,-3.26840490797546,Airports,Airlines,157025
207,CEC,OO,173,17.184971098265898,Airports,Airlines,530182
208,CHA,DL,774,5.332041343669251,Airports,Airlines,794817
209,CHA,EV,2645,8.412476370510397,Airports,Airlines,509621
210,CHA,MQ,637,10.210361067503923,Airports,Airlines,257130
211,CHA,OO,69,6.159420289855072,Airports,Airlines,530182
212,CHO,DL,320,1.028125,Airports,Airlines,794817
213,CHO,EV,559,8.500894454382827,Airports,Airlines,509621
214,CHO,MQ,233,16.098712446351932,Airports,Airlines,257130
215,CHO,OO,980,17.727551020408164,Airports,Airlines,530182
216,CHS,AA,141,-1.2907801418439715,Airports,Airlines,636554
217,CHS,AS,26,-1.9230769230769231,Airports,Airlines,157025
218,CHS,B6,1762,11.427922814982974,Airports,Airlines,240304
219,CHS,DL,3581,5.02904216699246,Airports,Airlines,794817
220,CHS,EV,2585,10.018181818181818,Airports,Airlines,509621
221,CHS,MQ,485,10.690721649484535,Airports,Airlines,257130
222,CHS,OO,561,15.105169340463458,Airports,Airlines,530182
223,CHS,UA,3,1.3333333333333333,Airports,Airlines,462086
224,CHS,US,64,2.015625,Airports,Airlines,194223
225,CHS,WN,2340,8.261965811965812,Airports,Airlines,1138350
226,CID,EV,1890,7.8693121693121695,Airports,Airlines,509621
227,CID,F9,101,8.554455445544555,Airports,Airlines,82005
228,CID,MQ,2572,11.076594090202176,Airports,Airlines,257130
229,CID,OO,2025,9.899753086419754,Airports,Airlines,530182
230,CIU,OO,596,10.692953020134228,Airports,Airlines,530182
231,CLD,OO,628,5.353503184713376,Airports,Airlines,530182
232,CLE,AA,1762,7.447219069239501,Airports,Airlines,636554
233,CLE,B6,627,3.6443381180223287,Airports,Airlines,240304
234,CLE,DL,2273,4.304443466783986,Airports,Airlines,794817
235,CLE,EV,9942,6.25819754576544,Airports,Airlines,509621
236,CLE,F9,2980,18.129194630872483,Airports,Airlines,82005
237,CLE,MQ,1868,11.591006423982869,Airports,Airlines,257130
238,CLE,NK,2122,13.398680490103676,Airports,Airlines,105059
239,CLE,OO,457,10.369803063457333,Airports,Airlines,530182
240,CLE,UA,6461,9.444203683640303,Airports,Airlines,462086
241,CLE,US,910,-0.2505494505494505,Airports,Airlines,194223
242,CLE,WN,4363,6.448086179234472,Airports,Airlines,1138350
243,CLL,EV,692,1.75,Airports,Airlines,509621
244,CLL,MQ,1508,3.343501326259947,Airports,Airlines,257130
245,CLT,AA,41447,8.695176973001665,Airports,Airlines,636554
246,CLT,B6,1240,12.612096774193548,Airports,Airlines,240304
247,CLT,DL,5974,6.295614328757951,Airports,Airlines,794817
248,CLT,EV,3297,11.866545344252351,Airports,Airlines,509621
249,CLT,F9,551,12.433756805807622,Airports,Airlines,82005
250,CLT,MQ,114,10.973684210526317,Airports,Airlines,257130
251,CLT,OO,708,20.0225988700565,Airports,Airlines,530182
252,CLT,UA,269,14.070631970260225,Airports,Airlines,462086
253,CLT,US,43705,7.567234870152157,Airports,Airlines,194223
254,CLT,WN,1747,11.764167143674872,Airports,Airlines,1138350
255,CMH,AA,1871,6.810796365579904,Airports,Airlines,636554
256,CMH,DL,3026,5.854923992068738,Airports,Airlines,794817
257,CMH,EV,2374,10.778011794439765,Airports,Airlines,509621
258,CMH,MQ,4349,13.835824327431594,Airports,Airlines,257130
259,CMH,OO,874,11.996567505720824,Airports,Airlines,530182
260,CMH,UA,691,13.9232995658466,Airports,Airlines,462086
261,CMH,US,491,5.291242362525458,Airports,Airlines,194223
262,CMH,WN,9881,8.581418884728267,Airports,Airlines,1138350
263,CMI,MQ,1994,7.506519558676028,Airports,Airlines,257130
264,CMX,OO,619,6.55735056542811,Airports,Airlines,530182
265,CNY,OO,205,-6.058536585365854,Airports,Airlines,530182
266,COD,OO,651,7.204301075268817,Airports,Airlines,530182
267,COS,AA,1052,7.054182509505703,Airports,Airlines,636554
268,COS,DL,305,7.527868852459016,Airports,Airlines,794817
269,COS,EV,495,7.109090909090909,Airports,Airlines,509621
270,COS,OO,4893,9.984671980380137,Airports,Airlines,530182
271,COU,MQ,1241,14.667203867848508,Airports,Airlines,257130
272,CPR,OO,1744,0.9696100917431192,Airports,Airlines,530182
273,CRP,EV,2558,7.650508209538702,Airports,Airlines,509621
274,CRP,MQ,729,8.001371742112482,Airports,Airlines,257130
275,CRP,OO,194,5.206185567010309,Airports,Airlines,530182
276,CRP,WN,1235,7.880161943319838,Airports,Airlines,1138350
277,CRW,DL,314,6.273885350318471,Airports,Airlines,794817
278,CRW,EV,1898,12.369336143308749,Airports,Airlines,509621
279,CRW,NK,64,7.859375,Airports,Airlines,105059
280,CRW,OO,39,14.076923076923077,Airports,Airlines,530182
281,CSG,EV,1060,5.574528301886793,Airports,Airlines,509621
282,CVG,DL,5791,4.871697461578311,Airports,Airlines,794817
283,CVG,EV,2996,8.83177570093458,Airports,Airlines,509621
284,CVG,F9,2017,16.792265741199802,Airports,Airlines,82005
285,CVG,MQ,4630,9.602159827213825,Airports,Airlines,257130
286,CVG,OO,4030,11.786848635235732,Airports,Airlines,530182
287,CVG,UA,3,302.3333333333333,Airports,Airlines,462086
288,CWA,EV,597,6.291457286432161,Airports,Airlines,509621
289,CWA,MQ,704,5.224431818181818,Airports,Airlines,257130
290,CWA,OO,60,4.85,Airports,Airlines,530182
291,DAB,DL,1479,5.295469912102772,Airports,Airlines,794817
292,DAB,EV,2,36.5,Airports,Airlines,509621
293,DAB,US,5,0.0,Airports,Airlines,194223
294,DAL,DL,1415,6.662190812720848,Airports,Airlines,794817
295,DAL,EV,518,5.301158301158301,Airports,Airlines,509621
296,DAL,OO,5,27.0,Airports,Airlines,530182
297,DAL,VX,4962,10.822450624748086,Airports,Airlines,55813
298,DAL,WN,51772,12.251371397666691,Airports,Airlines,1138350
299,DAY,AA,904,5.332964601769912,Airports,Airlines,636554
300,DAY,DL,1306,7.053598774885145,Airports,Airlines,794817
301,DAY,EV,1713,8.952714535901926,Airports,Airlines,509621
302,DAY,MQ,1549,8.039380245319562,Airports,Airlines,257130
303,DAY,OO,1424,7.377808988764045,Airports,Airlines,530182
304,DAY,WN,1466,7.070259208731241,Airports,Airlines,1138350
305,DBQ,MQ,869,4.855005753739931,Airports,Airlines,257130
306,DCA,AA,17431,7.754976765532672,Airports,Airlines,636554
307,DCA,AS,1321,0.9053747161241484,Airports,Airlines,157025
308,DCA,B6,9350,7.510909090909091,Airports,Airlines,240304
309,DCA,DL,8495,9.26745144202472,Airports,Airlines,794817
310,DCA,EV,2789,7.529939046253137,Airports,Airlines,509621
311,DCA,F9,982,6.067209775967413,Airports,Airlines,82005
312,DCA,MQ,643,21.472783825816485,Airports,Airlines,257130
313,DCA,OO,1453,12.24776324845148,Airports,Airlines,530182
314,DCA,UA,4504,13.248445825932505,Airports,Airlines,462086
315,DCA,US,9656,5.991507870753935,Airports,Airlines,194223
316,DCA,VX,1213,6.244023083264633,Airports,Airlines,55813
317,DCA,WN,13742,7.224567020812109,Airports,Airlines,1138350
318,DEN,AA,6963,10.43889128249318,Airports,Airlines,636554
319,DEN,AS,1586,1.8203026481715008,Airports,Airlines,157025
320,DEN,B6,942,15.085987261146498,Airports,Airlines,240304
321,DEN,DL,7031,8.17664628075665,Airports,Airlines,794817
322,DEN,EV,5347,11.13278473910604,Airports,Airlines,509621
323,DEN,F9,21082,9.172279669860544,Airports,Airlines,82005
324,DEN,NK,3608,16.628325942350333,Airports,Airlines,105059
325,DEN,OO,43760,10.18274680073126,Airports,Airlines,530182
326,DEN,UA,45637,15.13789249950698,Airports,Airlines,462086
327,DEN,US,2301,4.974793568013907,Airports,Airlines,194223
328,DEN,WN,55145,12.072517907335207,Airports,Airlines,1138350
329,DFW,AA,131159,11.3207176022995,Airports,Airlines,636554
330,DFW,AS,1338,2.279521674140508,Airports,Airlines,157025
331,DFW,B6,576,14.65972222222222,Airports,Airlines,240304
332,DFW,DL,5061,9.673384706579728,Airports,Airlines,794817
333,DFW,EV,23316,14.09551381025905,Airports,Airlines,509621
334,DFW,F9,1282,12.342433697347897,Airports,Airlines,82005
335,DFW,MQ,51049,10.320221747732573,Airports,Airlines,257130
336,DFW,NK,8379,13.578469984485022,Airports,Airlines,105059
337,DFW,OO,4024,14.362326043737577,Airports,Airlines,530182
338,DFW,UA,3448,14.33816705336427,Airports,Airlines,462086
339,DFW,US,3015,5.9893864013267,Airports,Airlines,194223
340,DHN,EV,1243,7.762670957361223,Airports,Airlines,509621
341,DIK,EV,329,6.270516717325228,Airports,Airlines,509621
342,DIK,OO,589,-1.5568760611205432,Airports,Airlines,530182
343,DLG,AS,77,0.5584415584415584,Airports,Airlines,157025
344,DLH,DL,199,6.251256281407035,Airports,Airlines,794817
345,DLH,OO,1467,8.674846625766872,Airports,Airlines,530182
346,DRO,EV,83,4.614457831325301,Airports,Airlines,509621
347,DRO,MQ,781,10.441741357234315,Airports,Airlines,257130
348,DRO,OO,1155,3.811255411255411,Airports,Airlines,530182
349,DSM,AA,789,7.936628643852979,Airports,Airlines,636554
350,DSM,DL,928,8.451508620689655,Airports,Airlines,794817
351,DSM,EV,1211,12.071841453344344,Airports,Airlines,509621
352,DSM,F9,173,6.127167630057803,Airports,Airlines,82005
353,DSM,MQ,2022,11.475272007912958,Airports,Airlines,257130
354,DSM,OO,1336,10.511976047904191,Airports,Airlines,530182
355,DSM,UA,684,14.318713450292398,Airports,Airlines,462086
356,DSM,US,1,0.0,Airports,Airlines,194223
357,DSM,WN,957,6.698014629049112,Airports,Airlines,1138350
358,DTW,AA,3974,7.606190236537493,Airports,Airlines,636554
359,DTW,AS,335,2.005970149253731,Airports,Airlines,157025
360,DTW,B6,1172,4.19283276450512,Airports,Airlines,240304
361,DTW,DL,50297,8.120862079249259,Airports,Airlines,794817
362,DTW,EV,22417,9.071686666369274,Airports,Airlines,509621
363,DTW,F9,639,9.300469483568076,Airports,Airlines,82005
364,DTW,MQ,2143,16.406439570695287,Airports,Airlines,257130
365,DTW,NK,7169,16.675408006695495,Airports,Airlines,105059
366,DTW,OO,10218,8.914758269720101,Airports,Airlines,530182
367,DTW,UA,933,13.968917470525188,Airports,Airlines,462086
368,DTW,US,1539,4.152696556205328,Airports,Airlines,194223
369,DTW,WN,6156,8.77956465237167,Airports,Airlines,1138350
370,DVL,OO,466,3.160944206008584,Airports,Airlines,530182
371,EAU,OO,634,8.82807570977918,Airports,Airlines,530182
372,ECP,DL,1876,6.97228144989339,Airports,Airlines,794817
373,ECP,EV,663,4.3544494720965305,Airports,Airlines,509621
374,ECP,WN,1600,5.15375,Airports,Airlines,1138350
375,EGE,AA,850,15.34470588235294,Airports,Airlines,636554
376,EGE,DL,101,11.94059405940594,Airports,Airlines,794817
377,EGE,UA,247,19.214574898785425,Airports,Airlines,462086
378,EKO,OO,517,-3.771760154738878,Airports,Airlines,530182
379,ELM,EV,2007,6.348281016442451,Airports,Airlines,509621
380,ELP,AA,1330,8.306766917293233,Airports,Airlines,636554
381,ELP,DL,695,6.870503597122302,Airports,Airlines,794817
382,ELP,EV,1514,3.3989431968295905,Airports,Airlines,509621
383,ELP,MQ,549,16.183970856102004,Airports,Airlines,257130
384,ELP,OO,1405,4.0711743772242,Airports,Airlines,530182
385,ELP,WN,6313,8.821162680183749,Airports,Airlines,1138350
386,ERI,EV,708,7.919491525423729,Airports,Airlines,509621
387,ESC,OO,554,7.256317689530686,Airports,Airlines,530182
388,EUG,OO,3558,7.183249016301293,Airports,Airlines,530182
389,EVV,DL,354,6.014124293785311,Airports,Airlines,794817
390,EVV,EV,1806,7.444075304540421,Airports,Airlines,509621
391,EVV,MQ,1501,8.032644903397735,Airports,Airlines,257130
392,EVV,OO,46,10.847826086956522,Airports,Airlines,530182
393,EWN,EV,565,5.330973451327433,Airports,Airlines,509621
394,EWR,AA,5267,8.168976647047655,Airports,Airlines,636554
395,EWR,AS,651,2.7219662058371736,Airports,Airlines,157025
396,EWR,B6,6215,11.119710378117457,Airports,Airlines,240304
397,EWR,DL,4942,10.621813031161471,Airports,Airlines,794817
398,EWR,EV,29675,9.559191238416176,Airports,Airlines,509621
399,EWR,MQ,359,16.54874651810585,Airports,Airlines,257130
400,EWR,OO,2,299.5,Airports,Airlines,530182
401,EWR,UA,42164,18.58189450716251,Airports,Airlines,462086
402,EWR,US,2013,5.180824639841033,Airports,Airlines,194223
403,EWR,VX,1800,7.293333333333333,Airports,Airlines,55813
404,EWR,WN,5253,13.125452122596611,Airports,Airlines,1138350
405,EYW,DL,983,4.90233977619532,Airports,Airlines,794817
406,EYW,EV,422,10.919431279620854,Airports,Airlines,509621
407,EYW,MQ,535,6.803738317757009,Airports,Airlines,257130
408,FAI,AS,1866,0.4469453376205787,Airports,Airlines,157025
409,FAI,DL,230,10.743478260869566,Airports,Airlines,794817
410,FAI,UA,73,54.98630136986301,Airports,Airlines,462086
411,FAR,DL,712,4.686797752808989,Airports,Airlines,794817
412,FAR,EV,1310,10.722900763358778,Airports,Airlines,509621
413,FAR,F9,54,28.185185185185187,Airports,Airlines,82005
414,FAR,MQ,1269,6.56107171000788,Airports,Airlines,257130
415,FAR,OO,2221,5.341737955875732,Airports,Airlines,530182
416,FAT,AA,605,17.568595041322315,Airports,Airlines,636554
417,FAT,F9,2,19.0,Airports,Airlines,82005
418,FAT,OO,6317,9.288111445306315,Airports,Airlines,530182
419,FAY,DL,470,6.506382978723404,Airports,Airlines,794817
420,FAY,EV,1142,10.875656742556918,Airports,Airlines,509621
421,FCA,DL,291,2.206185567010309,Airports,Airlines,794817
422,FCA,OO,1705,1.3149560117302053,Airports,Airlines,530182
423,FLG,OO,1610,4.045962732919255,Airports,Airlines,530182
424,FLL,AA,5232,5.381498470948012,Airports,Airlines,636554
425,FLL,AS,333,7.948948948948949,Airports,Airlines,157025
426,FLL,B6,17682,14.823379708177807,Airports,Airlines,240304
427,FLL,DL,10473,7.154301537286355,Airports,Airlines,794817
428,FLL,F9,693,21.571428571428573,Airports,Airlines,82005
429,FLL,NK,11374,13.512132934763496,Airports,Airlines,105059
430,FLL,UA,5067,9.11880797315966,Airports,Airlines,462086
431,FLL,US,3074,5.01854261548471,Airports,Airlines,194223
432,FLL,VX,1227,9.972290138549308,Airports,Airlines,55813
433,FLL,WN,17425,9.193974175035867,Airports,Airlines,1138350
434,FNT,DL,924,3.103896103896104,Airports,Airlines,794817
435,FNT,EV,895,5.081564245810056,Airports,Airlines,509621
436,FNT,MQ,902,4.761640798226164,Airports,Airlines,257130
437,FNT,OO,437,2.17162471395881,Airports,Airlines,530182
438,FNT,WN,1471,5.0931339225017,Airports,Airlines,1138350
439,FSD,DL,425,2.2494117647058824,Airports,Airlines,794817
440,FSD,EV,1719,9.159394997091333,Airports,Airlines,509621
441,FSD,F9,168,20.08333333333333,Airports,Airlines,82005
442,FSD,MQ,866,10.747113163972289,Airports,Airlines,257130
443,FSD,OO,1975,9.780759493670883,Airports,Airlines,530182
444,FSD,UA,4,-1.25,Airports,Airlines,462086
445,FSM,EV,1399,7.273052180128663,Airports,Airlines,509621
446,FSM,MQ,511,5.542074363992172,Airports,Airlines,257130
447,FWA,EV,325,7.990769230769231,Airports,Airlines,509621
448,FWA,MQ,1810,8.109944751381216,Airports,Airlines,257130
449,FWA,OO,2944,10.468070652173912,Airports,Airlines,530182
450,GCC,OO,982,1.4338085539714869,Airports,Airlines,530182
451,GCK,EV,25,26.52,Airports,Airlines,509621
452,GCK,MQ,612,5.2140522875817,Airports,Airlines,257130
453,GEG,AA,262,-1.3396946564885497,Airports,Airlines,636554
454,GEG,AS,1528,2.6714659685863875,Airports,Airlines,157025
455,GEG,DL,1440,6.653472222222222,Airports,Airlines,794817
456,GEG,F9,5,44.0,Airports,Airlines,82005
457,GEG,OO,2376,4.216329966329966,Airports,Airlines,530182
458,GEG,UA,612,7.88562091503268,Airports,Airlines,462086
459,GEG,US,322,-2.2639751552795038,Airports,Airlines,194223
460,GEG,WN,2895,6.540241796200346,Airports,Airlines,1138350
461,GFK,OO,714,3.03781512605042,Airports,Airlines,530182
462,GGG,EV,147,16.5578231292517,Airports,Airlines,509621
463,GGG,MQ,466,5.491416309012876,Airports,Airlines,257130
464,GJT,EV,334,3.808383233532934,Airports,Airlines,509621
465,GJT,MQ,817,7.15422276621787,Airports,Airlines,257130
466,GJT,OO,1971,0.4429223744292237,Airports,Airlines,530182
467,GNV,DL,271,3.730627306273063,Airports,Airlines,794817
468,GNV,EV,1795,9.667409470752087,Airports,Airlines,509621
469,GNV,MQ,569,7.597539543057996,Airports,Airlines,257130
470,GPT,DL,1127,3.890860692102928,Airports,Airlines,794817
471,GPT,EV,1974,4.120060790273556,Airports,Airlines,509621
472,GPT,MQ,413,8.595641646489105,Airports,Airlines,257130
473,GRB,DL,616,2.139610389610389,Airports,Airlines,794817
474,GRB,EV,1724,4.1757540603248255,Airports,Airlines,509621
475,GRB,MQ,1219,4.737489745693191,Airports,Airlines,257130
476,GRB,OO,1161,5.9181739879414295,Airports,Airlines,530182
477,GRI,MQ,607,4.782537067545305,Airports,Airlines,257130
478,GRK,EV,2517,7.651569328565753,Airports,Airlines,509621
479,GRK,MQ,1352,3.6131656804733727,Airports,Airlines,257130
480,GRR,DL,2818,3.97374024130589,Airports,Airlines,794817
481,GRR,EV,1639,7.226357535082367,Airports,Airlines,509621
482,GRR,MQ,2594,10.724749421742482,Airports,Airlines,257130
483,GRR,OO,1123,7.936776491540517,Airports,Airlines,530182
484,GRR,UA,536,14.173507462686567,Airports,Airlines,462086
485,GRR,WN,1831,7.040961223375205,Airports,Airlines,1138350
486,GSO,AA,141,-0.1276595744680851,Airports,Airlines,636554
487,GSO,DL,1890,5.386772486772487,Airports,Airlines,794817
488,GSO,EV,3127,11.885833066837224,Airports,Airlines,509621
489,GSO,F9,132,9.780303030303031,Airports,Airlines,82005
490,GSO,MQ,1168,12.531678082191782,Airports,Airlines,257130
491,GSO,OO,3,26.33333333333333,Airports,Airlines,530182
492,GSO,US,1,1.0,Airports,Airlines,194223
493,GSP,DL,1672,5.816985645933015,Airports,Airlines,794817
494,GSP,EV,2927,6.541851725316024,Airports,Airlines,509621
495,GSP,MQ,462,8.203463203463203,Airports,Airlines,257130
496,GSP,OO,22,1.2727272727272727,Airports,Airlines,530182
497,GSP,WN,1297,9.729375481881265,Airports,Airlines,1138350
498,GST,AS,76,17.17105263157895,Airports,Airlines,157025
499,GTF,OO,1944,0.9969135802469136,Airports,Airlines,530182
500,GTR,EV,912,7.290570175438597,Airports,Airlines,509621
501,GUC,AA,113,5.814159292035399,Airports,Airlines,636554
502,GUC,EV,156,7.416666666666667,Airports,Airlines,509621
503,GUC,MQ,8,21.5,Airports,Airlines,257130
504,GUC,OO,171,14.64327485380117,Airports,Airlines,530182
505,GUC,UA,24,13.875,Airports,Airlines,462086
506,GUM,UA,331,16.483383685800604,Airports,Airlines,462086
507,HDN,AA,132,6.0227272727272725,Airports,Airlines,636554
508,HDN,DL,95,12.589473684210526,Airports,Airlines,794817
509,HDN,EV,72,5.444444444444445,Airports,Airlines,509621
510,HDN,OO,236,13.741525423728811,Airports,Airlines,530182
511,HDN,UA,151,14.324503311258278,Airports,Airlines,462086
512,HIB,OO,878,1.2927107061503418,Airports,Airlines,530182
513,HLN,OO,1419,0.7829457364341085,Airports,Airlines,530182
514,HNL,AA,2379,12.730138713745273,Airports,Airlines,636554
515,HNL,AS,2342,2.783945345858241,Airports,Airlines,157025
516,HNL,DL,2750,8.078545454545454,Airports,Airlines,794817
517,HNL,HA,30130,-0.1589445735147693,Airports,Airlines,69815
518,HNL,UA,4869,11.450605873896077,Airports,Airlines,462086
519,HNL,US,417,4.808153477218226,Airports,Airlines,194223
520,HNL,VX,59,12.35593220338983,Airports,Airlines,55813
521,HOB,EV,547,5.3528336380255945,Airports,Airlines,509621
522,HOU,AA,160,4.50625,Airports,Airlines,636554
523,HOU,B6,654,18.665137614678898,Airports,Airlines,240304
524,HOU,DL,1692,6.4763593380614655,Airports,Airlines,794817
525,HOU,EV,598,16.118729096989966,Airports,Airlines,509621
526,HOU,MQ,1170,12.0,Airports,Airlines,257130
527,HOU,WN,46858,12.166545733919502,Airports,Airlines,1138350
528,HPN,B6,3519,10.760443307757884,Airports,Airlines,240304
529,HPN,EV,2727,13.84048404840484,Airports,Airlines,509621
530,HPN,MQ,886,12.520316027088036,Airports,Airlines,257130
531,HRL,EV,1141,1.5705521472392638,Airports,Airlines,509621
532,HRL,OO,32,-0.09375,Airports,Airlines,530182
533,HRL,WN,1848,4.2727272727272725,Airports,Airlines,1138350
534,HSV,DL,1757,5.575412635173591,Airports,Airlines,794817
535,HSV,EV,2022,7.629080118694362,Airports,Airlines,509621
536,HSV,MQ,644,12.96583850931677,Airports,Airlines,257130
537,HYA,B6,82,23.182926829268293,Airports,Airlines,240304
538,HYS,OO,557,2.5960502692998206,Airports,Airlines,530182
539,IAD,AA,2451,11.683802529579763,Airports,Airlines,636554
540,IAD,AS,264,3.935606060606061,Airports,Airlines,157025
541,IAD,B6,1828,8.644967177242888,Airports,Airlines,240304
542,IAD,DL,2351,7.697575499787325,Airports,Airlines,794817
543,IAD,EV,3169,13.283685705269802,Airports,Airlines,509621
544,IAD,F9,1920,15.1515625,Airports,Airlines,82005
545,IAD,OO,238,8.53781512605042,Airports,Airlines,530182
546,IAD,UA,17809,14.695378741085968,Airports,Airlines,462086
547,IAD,VX,1480,5.77027027027027,Airports,Airlines,55813
548,IAD,WN,2154,8.486072423398328,Airports,Airlines,1138350
549,IAG,NK,312,5.403846153846154,Airports,Airlines,105059
550,IAH,AA,6376,7.129548306148055,Airports,Airlines,636554
551,IAH,AS,379,2.699208443271768,Airports,Airlines,157025
552,IAH,DL,2913,9.477171301064194,Airports,Airlines,794817
553,IAH,EV,57074,4.886252934786418,Airports,Airlines,509621
554,IAH,F9,1520,17.163815789473684,Airports,Airlines,82005
555,IAH,MQ,25,9.24,Airports,Airlines,257130
556,IAH,NK,4997,23.19231538923354,Airports,Airlines,105059
557,IAH,OO,15067,12.766376850069689,Airports,Airlines,530182
558,IAH,UA,53239,17.947576025094385,Airports,Airlines,462086
559,IAH,US,2429,4.491972004940305,Airports,Airlines,194223
560,ICT,AA,164,11.481707317073171,Airports,Airlines,636554
561,ICT,DL,853,6.150058616647128,Airports,Airlines,794817
562,ICT,EV,2076,7.134874759152216,Airports,Airlines,509621
563,ICT,MQ,378,14.529100529100528,Airports,Airlines,257130
564,ICT,OO,2434,13.190221857025472,Airports,Airlines,530182
565,ICT,UA,456,13.43859649122807,Airports,Airlines,462086
566,ICT,WN,1516,7.178100263852243,Airports,Airlines,1138350
567,IDA,F9,2,4.5,Airports,Airlines,82005
568,IDA,OO,2223,0.6824111560953666,Airports,Airlines,530182
569,ILG,F9,95,29.568421052631574,Airports,Airlines,82005
570,ILM,AA,160,-0.2,Airports,Airlines,636554
571,ILM,DL,346,6.523121387283237,Airports,Airlines,794817
572,ILM,EV,1316,6.691489361702128,Airports,Airlines,509621
573,ILM,OO,15,-0.0666666666666666,Airports,Airlines,530182
574,ILM,US,1,5.0,Airports,Airlines,194223
575,IMT,OO,606,0.7128712871287128,Airports,Airlines,530182
576,IND,AA,2727,6.488815548221488,Airports,Airlines,636554
577,IND,DL,4383,7.152407027150353,Airports,Airlines,794817
578,IND,EV,2877,9.952033368091762,Airports,Airlines,509621
579,IND,F9,731,11.709986320109438,Airports,Airlines,82005
580,IND,MQ,1897,7.138112809699526,Airports,Airlines,257130
581,IND,OO,421,14.82897862232779,Airports,Airlines,530182
582,IND,UA,1099,10.414012738853502,Airports,Airlines,462086
583,IND,US,873,2.406643757159221,Airports,Airlines,194223
584,IND,WN,10040,8.39890438247012,Airports,Airlines,1138350
585,INL,OO,556,4.3147482014388485,Airports,Airlines,530182
586,ISN,EV,520,5.813461538461539,Airports,Airlines,509621
587,ISN,OO,1959,3.758550280755488,Airports,Airlines,530182
588,ISP,WN,4238,10.060405851816896,Airports,Airlines,1138350
589,ITH,EV,10,3.1,Airports,Airlines,509621
590,ITH,OO,20,20.4,Airports,Airlines,530182
591,ITO,HA,5452,-1.3846294937637564,Airports,Airlines,69815
592,ITO,UA,256,9.6484375,Airports,Airlines,462086
593,JAC,AA,408,9.129901960784316,Airports,Airlines,636554
594,JAC,DL,767,2.1421121251629724,Airports,Airlines,794817
595,JAC,OO,1274,6.79905808477237,Airports,Airlines,530182
596,JAC,UA,995,12.457286432160805,Airports,Airlines,462086
597,JAN,DL,1893,4.9260433174854725,Airports,Airlines,794817
598,JAN,EV,3836,6.25495307612096,Airports,Airlines,509621
599,JAN,MQ,1176,12.17091836734694,Airports,Airlines,257130
600,JAX,AA,2321,9.15079707022835,Airports,Airlines,636554
601,JAX,B6,2965,9.052951096121417,Airports,Airlines,240304
602,JAX,DL,4216,6.413899430740038,Airports,Airlines,794817
603,JAX,EV,1938,12.795665634674922,Airports,Airlines,509621
604,JAX,MQ,487,11.00205338809035,Airports,Airlines,257130
605,JAX,OO,208,24.485576923076923,Airports,Airlines,530182
606,JAX,UA,68,12.470588235294118,Airports,Airlines,462086
607,JAX,US,1353,3.550628233555063,Airports,Airlines,194223
608,JAX,WN,4221,8.31532812129827,Airports,Airlines,1138350
609,JFK,AA,15238,10.88377739860874,Airports,Airlines,636554
610,JFK,AS,75,12.08,Airports,Airlines,157025
611,JFK,B6,39587,12.267461540404678,Airports,Airlines,240304
612,JFK,DL,25037,13.173383392578984,Airports,Airlines,794817
613,JFK,HA,293,16.344709897610922,Airports,Airlines,69815
614,JFK,MQ,3236,13.358776266996292,Airports,Airlines,257130
615,JFK,UA,3238,8.608091414453366,Airports,Airlines,462086
616,JFK,US,1359,15.044885945548195,Airports,Airlines,194223
617,JFK,VX,3600,7.055,Airports,Airlines,55813
618,JLN,EV,283,2.1130742049469964,Airports,Airlines,509621
619,JLN,MQ,346,13.771676300578036,Airports,Airlines,257130
620,JMS,OO,743,3.201884253028264,Airports,Airlines,530182
621,JNU,AS,3840,3.2622395833333333,Airports,Airlines,157025
622,JNU,DL,139,8.726618705035971,Airports,Airlines,794817
623,JNU,OO,52,40.48076923076923,Airports,Airlines,530182
624,KOA,AA,593,7.12141652613828,Airports,Airlines,636554
625,KOA,AS,1385,-1.19927797833935,Airports,Airlines,157025
626,KOA,DL,345,13.747826086956522,Airports,Airlines,794817
627,KOA,HA,7279,-0.3861794202500343,Airports,Airlines,69815
628,KOA,UA,1271,9.025177025963808,Airports,Airlines,462086
629,KOA,US,179,-5.681564245810056,Airports,Airlines,194223
630,KTN,AS,2173,1.6037735849056605,Airports,Airlines,157025
631,KTN,OO,114,16.982456140350877,Airports,Airlines,530182
632,LAN,DL,4,-3.25,Airports,Airlines,794817
633,LAN,EV,1029,5.053449951409135,Airports,Airlines,509621
634,LAN,OO,767,9.926988265971318,Airports,Airlines,530182
635,LAR,OO,556,3.097122302158273,Airports,Airlines,530182
636,LAS,AA,11215,7.735978600089166,Airports,Airlines,636554
637,LAS,AS,4060,-0.279064039408867,Airports,Airlines,157025
638,LAS,B6,4013,14.67979068028906,Airports,Airlines,240304
639,LAS,DL,10571,5.9819316999337815,Airports,Airlines,794817
640,LAS,F9,4297,15.720735396788458,Airports,Airlines,82005
641,LAS,HA,808,5.237623762376238,Airports,Airlines,69815
642,LAS,NK,8894,15.584326512255451,Airports,Airlines,105059
643,LAS,OO,2393,7.067697450898454,Airports,Airlines,530182
644,LAS,UA,11013,9.587396712975574,Airports,Airlines,462086
645,LAS,US,2985,1.4941373534338358,Airports,Airlines,194223
646,LAS,VX,3732,12.111200428724544,Airports,Airlines,55813
647,LAS,WN,67956,12.471216669609747,Airports,Airlines,1138350
648,LAW,EV,631,4.774960380348653,Airports,Airlines,509621
649,LAW,MQ,605,9.915702479338844,Airports,Airlines,257130
650,LAX,AA,32318,6.983074447676217,Airports,Airlines,636554
651,LAX,AS,8041,1.0920283546822531,Airports,Airlines,157025
652,LAX,B6,4066,12.5120511559272,Airports,Airlines,240304
653,LAX,DL,25068,10.377373543960427,Airports,Airlines,794817
654,LAX,F9,1374,10.83551673944687,Airports,Airlines,82005
655,LAX,HA,1546,2.456015523932729,Airports,Airlines,69815
656,LAX,MQ,147,17.421768707482993,Airports,Airlines,257130
657,LAX,NK,4281,22.4625087596356,Airports,Airlines,105059
658,LAX,OO,36113,9.1716556364744,Airports,Airlines,530182
659,LAX,UA,27062,13.269270563890323,Airports,Airlines,462086
660,LAX,US,3655,4.535430916552667,Airports,Airlines,194223
661,LAX,VX,11711,9.769020578942872,Airports,Airlines,55813
662,LAX,WN,36621,15.177985308975725,Airports,Airlines,1138350
663,LBB,AA,292,12.582191780821915,Airports,Airlines,636554
664,LBB,EV,1285,5.482490272373541,Airports,Airlines,509621
665,LBB,MQ,375,14.853333333333332,Airports,Airlines,257130
666,LBB,OO,332,15.123493975903614,Airports,Airlines,530182
667,LBB,WN,2174,5.327966881324747,Airports,Airlines,1138350
668,LBE,NK,1245,9.940562248995985,Airports,Airlines,105059
669,LCH,EV,1165,0.3090128755364807,Airports,Airlines,509621
670,LCH,MQ,637,7.555729984301413,Airports,Airlines,257130
671,LEX,DL,990,2.611111111111111,Airports,Airlines,794817
672,LEX,EV,3216,7.271455223880597,Airports,Airlines,509621
673,LEX,MQ,1200,9.155,Airports,Airlines,257130
674,LEX,OO,394,8.99492385786802,Airports,Airlines,530182
675,LFT,DL,338,8.04733727810651,Airports,Airlines,794817
676,LFT,EV,3417,8.168568920105356,Airports,Airlines,509621
677,LFT,MQ,1148,6.330139372822299,Airports,Airlines,257130
678,LFT,OO,102,1.7843137254901962,Airports,Airlines,530182
679,LGA,AA,17409,6.595726348440462,Airports,Airlines,636554
680,LGA,B6,5969,15.918746858770314,Airports,Airlines,240304
681,LGA,DL,23745,14.639882080437989,Airports,Airlines,794817
682,LGA,EV,9272,15.845125107851596,Airports,Airlines,509621
683,LGA,F9,851,22.978848413631024,Airports,Airlines,82005
684,LGA,MQ,9243,13.72779400627502,Airports,Airlines,257130
685,LGA,NK,3491,15.857347464909768,Airports,Airlines,105059
686,LGA,OO,98,4.63265306122449,Airports,Airlines,530182
687,LGA,UA,7829,15.55371056329033,Airports,Airlines,462086
688,LGA,US,5890,6.8821731748726656,Airports,Airlines,194223
689,LGA,VX,1160,11.407758620689656,Airports,Airlines,55813
690,LGA,WN,9877,16.84479092841956,Airports,Airlines,1138350
691,LGB,B6,7458,7.952802359882006,Airports,Airlines,240304
692,LGB,OO,1246,2.4165329052969504,Airports,Airlines,530182
693,LIH,AA,680,4.579411764705882,Airports,Airlines,636554
694,LIH,AS,1193,-2.274937133277452,Airports,Airlines,157025
695,LIH,DL,332,13.123493975903614,Airports,Airlines,794817
696,LIH,HA,7283,-0.6924344363586434,Airports,Airlines,69815
697,LIH,UA,819,6.555555555555555,Airports,Airlines,462086
698,LIH,US,180,-1.5611111111111111,Airports,Airlines,194223
699,LIT,AA,9,12.555555555555555,Airports,Airlines,636554
700,LIT,DL,1918,5.054744525547445,Airports,Airlines,794817
701,LIT,EV,2808,8.397435897435898,Airports,Airlines,509621
702,LIT,MQ,2296,14.562282229965156,Airports,Airlines,257130
703,LIT,OO,806,10.694789081885856,Airports,Airlines,530182
704,LIT,WN,2295,8.503703703703703,Airports,Airlines,1138350
705,LNK,EV,1445,5.905882352941177,Airports,Airlines,509621
706,LNK,OO,1119,5.298480786416444,Airports,Airlines,530182
707,LRD,EV,1237,3.0670978172999197,Airports,Airlines,509621
708,LRD,MQ,890,5.385393258426967,Airports,Airlines,257130
709,LSE,MQ,1098,5.472677595628415,Airports,Airlines,257130
710,LSE,OO,483,3.645962732919255,Airports,Airlines,530182
711,LWS,OO,588,-2.9761904761904763,Airports,Airlines,530182
712,MAF,EV,1825,4.841095890410959,Airports,Airlines,509621
713,MAF,MQ,1018,13.102161100196463,Airports,Airlines,257130
714,MAF,OO,1283,5.06157443491816,Airports,Airlines,530182
715,MAF,WN,3126,6.947536788227767,Airports,Airlines,1138350
716,MBS,EV,146,5.253424657534247,Airports,Airlines,509621
717,MBS,OO,1508,8.011936339522546,Airports,Airlines,530182
718,MCI,AA,3726,8.506709608158884,Airports,Airlines,636554
719,MCI,AS,396,1.6085858585858586,Airports,Airlines,157025
720,MCI,DL,5055,5.742631058358062,Airports,Airlines,794817
721,MCI,EV,3232,6.196163366336633,Airports,Airlines,509621
722,MCI,F9,344,14.892441860465116,Airports,Airlines,82005
723,MCI,MQ,111,15.216216216216216,Airports,Airlines,257130
724,MCI,NK,1399,16.800571837026446,Airports,Airlines,105059
725,MCI,OO,1556,11.223650385604111,Airports,Airlines,530182
726,MCI,UA,588,12.185374149659864,Airports,Airlines,462086
727,MCI,US,1193,2.9488683989941324,Airports,Airlines,194223
728,MCI,WN,20506,8.735053155174095,Airports,Airlines,1138350
729,MCO,AA,12892,10.785758609990692,Airports,Airlines,636554
730,MCO,AS,648,7.419753086419753,Airports,Airlines,157025
731,MCO,B6,17712,15.613595302619691,Airports,Airlines,240304
732,MCO,DL,15290,8.578744277305429,Airports,Airlines,794817
733,MCO,EV,86,17.302325581395348,Airports,Airlines,509621
734,MCO,F9,4907,19.09374363154677,Airports,Airlines,82005
735,MCO,NK,4497,14.918167667333778,Airports,Airlines,105059
736,MCO,UA,11124,14.634843581445525,Airports,Airlines,462086
737,MCO,US,4617,4.7669482347844925,Airports,Airlines,194223
738,MCO,VX,333,11.84084084084084,Airports,Airlines,55813
739,MCO,WN,37426,10.934537487308289,Airports,Airlines,1138350
740,MDT,AA,48,-1.7916666666666667,Airports,Airlines,636554
741,MDT,DL,920,6.978260869565218,Airports,Airlines,794817
742,MDT,EV,753,7.219123505976095,Airports,Airlines,509621
743,MDT,F9,87,9.839080459770114,Airports,Airlines,82005
744,MDT,MQ,787,11.10546378653113,Airports,Airlines,257130
745,MDT,OO,15,17.866666666666667,Airports,Airlines,530182
746,MDT,UA,525,8.325714285714286,Airports,Airlines,462086
747,MDT,US,75,8.013333333333334,Airports,Airlines,194223
748,MDW,DL,2499,8.0828331332533,Airports,Airlines,794817
749,MDW,EV,1572,13.192748091603054,Airports,Airlines,509621
750,MDW,F9,50,29.22,Airports,Airlines,82005
751,MDW,OO,350,9.402857142857142,Airports,Airlines,530182
752,MDW,WN,74214,12.91973212601396,Airports,Airlines,1138350
753,MEI,EV,888,7.617117117117117,Airports,Airlines,509621
754,MEM,AA,977,11.316274309109518,Airports,Airlines,636554
755,MEM,DL,4060,6.3399014778325125,Airports,Airlines,794817
756,MEM,EV,3356,9.865315852205006,Airports,Airlines,509621
757,MEM,F9,363,9.03305785123967,Airports,Airlines,82005
758,MEM,MQ,1248,10.58573717948718,Airports,Airlines,257130
759,MEM,OO,1071,10.606909430438842,Airports,Airlines,530182
760,MEM,UA,107,21.14018691588785,Airports,Airlines,462086
761,MEM,US,429,2.536130536130536,Airports,Airlines,194223
762,MEM,WN,2770,9.324548736462091,Airports,Airlines,1138350
763,MFE,AA,1401,9.265524625267666,Airports,Airlines,636554
764,MFE,EV,1225,1.460408163265306,Airports,Airlines,509621
765,MFE,OO,404,12.465346534653465,Airports,Airlines,530182
766,MFE,UA,264,12.071969696969695,Airports,Airlines,462086
767,MFR,OO,2430,7.54238683127572,Airports,Airlines,530182
768,MGM,EV,2270,9.263436123348018,Airports,Airlines,509621
769,MGM,MQ,822,6.041362530413625,Airports,Airlines,257130
770,MGM,OO,15,4.266666666666667,Airports,Airlines,530182
771,MHK,EV,65,8.353846153846154,Airports,Airlines,509621
772,MHK,MQ,1497,3.839011356045424,Airports,Airlines,257130
773,MHT,DL,442,2.264705882352941,Airports,Airlines,794817
774,MHT,EV,1520,10.066447368421052,Airports,Airlines,509621
775,MHT,WN,4153,6.561281001685528,Airports,Airlines,1138350
776,MIA,AA,47663,12.946814090594382,Airports,Airlines,636554
777,MIA,DL,8400,10.89440476190476,Airports,Airlines,794817
778,MIA,F9,2009,20.39671478347437,Airports,Airlines,82005
779,MIA,MQ,5194,7.884482094724682,Airports,Airlines,257130
780,MIA,OO,179,12.35195530726257,Airports,Airlines,530182
781,MIA,UA,3102,13.81270148291425,Airports,Airlines,462086
782,MIA,US,1754,6.989167616875712,Airports,Airlines,194223
783,MKE,AA,1211,9.011560693641618,Airports,Airlines,636554
784,MKE,DL,4635,5.7201725997842505,Airports,Airlines,794817
785,MKE,EV,2560,6.31640625,Airports,Airlines,509621
786,MKE,F9,601,9.801996672212978,Airports,Airlines,82005
787,MKE,MQ,41,13.53658536585366,Airports,Airlines,257130
788,MKE,OO,7085,9.055187014820042,Airports,Airlines,530182
789,MKE,US,346,1.8583815028901731,Airports,Airlines,194223
790,MKE,WN,12693,7.815882770030726,Airports,Airlines,1138350
791,MKG,OO,618,8.555016181229773,Airports,Airlines,530182
792,MLB,DL,1254,8.227272727272727,Airports,Airlines,794817
793,MLB,EV,68,19.602941176470587,Airports,Airlines,509621
794,MLI,EV,1468,11.483651226158038,Airports,Airlines,509621
795,MLI,MQ,1675,7.258507462686567,Airports,Airlines,257130
796,MLI,OO,476,6.086134453781512,Airports,Airlines,530182
797,MLU,EV,2829,7.5585012371862845,Airports,Airlines,509621
798,MLU,MQ,43,17.976744186046513,Airports,Airlines,257130
799,MLU,OO,4,-3.5,Airports,Airlines,530182
800,MMH,OO,140,9.92142857142857,Airports,Airlines,530182
801,MOB,DL,454,5.140969162995595,Airports,Airlines,794817
802,MOB,EV,3547,6.58528333803214,Airports,Airlines,509621
803,MOB,MQ,839,9.842669845053637,Airports,Airlines,257130
804,MOB,OO,65,9.615384615384617,Airports,Airlines,530182
805,MOT,DL,4,-5.75,Airports,Airlines,794817
806,MOT,EV,186,3.521505376344086,Airports,Airlines,509621
807,MOT,F9,3,4.0,Airports,Airlines,82005
808,MOT,OO,1627,5.114320835894284,Airports,Airlines,530182
809,MQT,MQ,278,7.866906474820144,Airports,Airlines,257130
810,MQT,OO,18,28.666666666666668,Airports,Airlines,530182
811,MRY,OO,2836,7.354372355430184,Airports,Airlines,530182
812,MSN,DL,2519,2.7121873759428343,Airports,Airlines,794817
813,MSN,EV,1943,6.797735460627895,Airports,Airlines,509621
814,MSN,F9,212,6.514150943396227,Airports,Airlines,82005
815,MSN,MQ,2239,6.405091558731576,Airports,Airlines,257130
816,MSN,OO,1411,5.404677533664068,Airports,Airlines,530182
817,MSN,UA,506,9.920948616600793,Airports,Airlines,462086
818,MSO,DL,597,1.3986599664991626,Airports,Airlines,794817
819,MSO,F9,89,2.393258426966292,Airports,Airlines,82005
820,MSO,OO,1367,1.7980980248719824,Airports,Airlines,530182
821,MSP,AA,5389,8.066617183150862,Airports,Airlines,636554
822,MSP,AS,585,1.1247863247863248,Airports,Airlines,157025
823,MSP,DL,55741,5.64184352630918,Airports,Airlines,794817
824,MSP,EV,6648,14.07641395908544,Airports,Airlines,509621
825,MSP,F9,1503,12.985362608117098,Airports,Airlines,82005
826,MSP,MQ,167,22.46706586826347,Airports,Airlines,257130
827,MSP,NK,3402,20.22898295120517,Airports,Airlines,105059
828,MSP,OO,25255,5.594575331617501,Airports,Airlines,530182
829,MSP,UA,3157,14.101045296167248,Airports,Airlines,462086
830,MSP,US,2053,4.231855820750122,Airports,Airlines,194223
831,MSP,WN,7155,8.586722571628233,Airports,Airlines,1138350
832,MSY,AA,3723,5.896051571313457,Airports,Airlines,636554
833,MSY,AS,331,0.9486404833836858,Airports,Airlines,157025
834,MSY,B6,1104,15.14945652173913,Airports,Airlines,240304
835,MSY,DL,6907,7.782829014043724,Airports,Airlines,794817
836,MSY,EV,614,5.254071661237785,Airports,Airlines,509621
837,MSY,F9,554,18.362815884476536,Airports,Airlines,82005
838,MSY,MQ,30,7.2,Airports,Airlines,257130
839,MSY,NK,1678,15.757449344457688,Airports,Airlines,105059
840,MSY,OO,561,8.795008912655971,Airports,Airlines,530182
841,MSY,UA,4452,10.706648697214735,Airports,Airlines,462086
842,MSY,US,1082,5.905730129390019,Airports,Airlines,194223
843,MSY,WN,17256,8.08350718590635,Airports,Airlines,1138350
844,MTJ,AA,28,16.321428571428573,Airports,Airlines,636554
845,MTJ,DL,35,26.285714285714285,Airports,Airlines,794817
846,MTJ,EV,148,-6.006756756756757,Airports,Airlines,509621
847,MTJ,MQ,62,1.9838709677419355,Airports,Airlines,257130
848,MTJ,OO,621,5.040257648953301,Airports,Airlines,530182
849,MTJ,UA,72,14.958333333333334,Airports,Airlines,462086
850,MVY,B6,205,25.90731707317073,Airports,Airlines,240304
851,MYR,DL,851,3.129259694477086,Airports,Airlines,794817
852,MYR,EV,711,9.623066104078765,Airports,Airlines,509621
853,MYR,NK,3157,11.37598986379474,Airports,Airlines,105059
854,MYR,US,6,-0.1666666666666666,Airports,Airlines,194223
855,OAJ,EV,1118,10.28980322003578,Airports,Airlines,509621
856,OAK,AA,299,1.060200668896321,Airports,Airlines,636554
857,OAK,AS,2176,-1.7302389705882353,Airports,Airlines,157025
858,OAK,B6,1381,5.792903692976104,Airports,Airlines,240304
859,OAK,DL,917,2.3380588876772084,Airports,Airlines,794817
860,OAK,HA,762,3.015748031496063,Airports,Airlines,69815
861,OAK,NK,1582,9.651074589127688,Airports,Airlines,105059
862,OAK,OO,2209,7.729741964689905,Airports,Airlines,530182
863,OAK,US,295,8.552542372881357,Airports,Airlines,194223
864,OAK,WN,32048,11.020375686470295,Airports,Airlines,1138350
865,OGG,AA,1561,6.244074311338886,Airports,Airlines,636554
866,OGG,AS,2696,0.1650593471810089,Airports,Airlines,157025
867,OGG,DL,959,15.050052137643378,Airports,Airlines,794817
868,OGG,HA,12831,1.778894864001247,Airports,Airlines,69815
869,OGG,UA,2108,11.695920303605313,Airports,Airlines,462086
870,OGG,US,293,-2.546075085324232,Airports,Airlines,194223
871,OGG,VX,29,4.448275862068965,Airports,Airlines,55813
872,OKC,AA,1649,5.8847786537295335,Airports,Airlines,636554
873,OKC,DL,1482,5.135627530364372,Airports,Airlines,794817
874,OKC,EV,1732,10.336027713625866,Airports,Airlines,509621
875,OKC,F9,52,16.03846153846154,Airports,Airlines,82005
876,OKC,MQ,2000,13.56,Airports,Airlines,257130
877,OKC,OO,2557,9.865858427845131,Airports,Airlines,530182
878,OKC,UA,584,8.58390410958904,Airports,Airlines,462086
879,OKC,WN,5741,7.411774952098938,Airports,Airlines,1138350
880,OMA,AA,1531,5.785760940561724,Airports,Airlines,636554
881,OMA,DL,2160,4.164814814814815,Airports,Airlines,794817
882,OMA,EV,2848,7.624648876404494,Airports,Airlines,509621
883,OMA,F9,276,7.836956521739131,Airports,Airlines,82005
884,OMA,MQ,831,7.222623345367028,Airports,Airlines,257130
885,OMA,OO,2133,8.71026722925457,Airports,Airlines,530182
886,OMA,UA,1119,15.343163538873997,Airports,Airlines,462086
887,OMA,US,342,1.5087719298245614,Airports,Airlines,194223
888,OMA,WN,5202,8.166666666666666,Airports,Airlines,1138350
889,OME,AS,632,5.439873417721519,Airports,Airlines,157025
890,ONT,AA,1905,8.565879265091864,Airports,Airlines,636554
891,ONT,AS,523,-1.2332695984703632,Airports,Airlines,157025
892,ONT,DL,211,-2.203791469194313,Airports,Airlines,794817
893,ONT,OO,4939,6.674428021866775,Airports,Airlines,530182
894,ONT,US,592,2.214527027027027,Airports,Airlines,194223
895,ONT,WN,9599,10.230023960829254,Airports,Airlines,1138350
896,ORD,AA,49557,13.09078434933511,Airports,Airlines,636554
897,ORD,AS,1732,6.541570438799076,Airports,Airlines,157025
898,ORD,B6,2210,17.529411764705884,Airports,Airlines,240304
899,ORD,DL,6918,13.806880601329864,Airports,Airlines,794817
900,ORD,EV,42606,9.405435854105056,Airports,Airlines,509621
901,ORD,F9,4552,21.335017574692444,Airports,Airlines,82005
902,ORD,MQ,59846,11.076095311299,Airports,Airlines,257130
903,ORD,NK,9675,24.33312661498708,Airports,Airlines,105059
904,ORD,OO,36431,13.774477779912711,Airports,Airlines,530182
905,ORD,UA,58303,19.71272490266367,Airports,Airlines,462086
906,ORD,US,3351,7.150701283199045,Airports,Airlines,194223
907,ORD,VX,1373,11.30735615440641,Airports,Airlines,55813
908,ORF,AA,1007,10.817279046673288,Airports,Airlines,636554
909,ORF,DL,2696,6.341246290801187,Airports,Airlines,794817
910,ORF,EV,1898,11.099051633298208,Airports,Airlines,509621
911,ORF,MQ,633,11.58609794628752,Airports,Airlines,257130
912,ORF,OO,469,17.51172707889126,Airports,Airlines,530182
913,ORF,UA,99,8.282828282828282,Airports,Airlines,462086
914,ORF,US,200,2.6,Airports,Airlines,194223
915,ORF,WN,2082,10.063400576368876,Airports,Airlines,1138350
916,ORH,B6,632,5.243670886075949,Airports,Airlines,240304
917,OTH,OO,264,17.806818181818183,Airports,Airlines,530182
918,OTZ,AS,633,4.22432859399684,Airports,Airlines,157025
919,PAH,OO,622,7.868167202572347,Airports,Airlines,530182
920,PBG,NK,278,12.12230215827338,Airports,Airlines,105059
921,PBI,AA,2875,5.364869565217392,Airports,Airlines,636554
922,PBI,B6,6567,17.617024516522005,Airports,Airlines,240304
923,PBI,DL,5629,10.9589625155445,Airports,Airlines,794817
924,PBI,EV,142,14.830985915492958,Airports,Airlines,509621
925,PBI,F9,183,21.40437158469945,Airports,Airlines,82005
926,PBI,NK,304,6.9506578947368425,Airports,Airlines,105059
927,PBI,OO,76,9.157894736842104,Airports,Airlines,530182
928,PBI,UA,2039,14.763609612555172,Airports,Airlines,462086
929,PBI,US,1824,3.7033991228070176,Airports,Airlines,194223
930,PBI,WN,2495,12.59238476953908,Airports,Airlines,1138350
931,PDX,AA,2688,8.274925595238095,Airports,Airlines,636554
932,PDX,AS,12820,1.0957878315132603,Airports,Airlines,157025
933,PDX,B6,1294,7.068006182380216,Airports,Airlines,240304
934,PDX,DL,5421,4.232613908872902,Airports,Airlines,794817
935,PDX,F9,840,5.526190476190476,Airports,Airlines,82005
936,PDX,HA,334,0.311377245508982,Airports,Airlines,69815
937,PDX,NK,649,17.423728813559322,Airports,Airlines,105059
938,PDX,OO,5333,4.757172323270204,Airports,Airlines,530182
939,PDX,UA,5180,8.656756756756756,Airports,Airlines,462086
940,PDX,US,1017,0.3166175024582104,Airports,Airlines,194223
941,PDX,VX,342,-1.304093567251462,Airports,Airlines,55813
942,PDX,WN,10859,8.812505755594438,Airports,Airlines,1138350
943,PHF,DL,81,9.679012345679013,Airports,Airlines,794817
944,PHF,EV,1146,11.191972076788833,Airports,Airlines,509621
945,PHF,F9,2,17.0,Airports,Airlines,82005
946,PHL,AA,20881,7.5632871988889425,Airports,Airlines,636554
947,PHL,AS,332,6.626506024096385,Airports,Airlines,157025
948,PHL,B6,1565,12.187220447284345,Airports,Airlines,240304
949,PHL,DL,6509,9.931018589645106,Airports,Airlines,794817
950,PHL,EV,137,10.81021897810219,Airports,Airlines,509621
951,PHL,F9,2570,20.91634241245136,Airports,Airlines,82005
952,PHL,MQ,9,12.77777777777778,Airports,Airlines,257130
953,PHL,NK,1215,19.842798353909465,Airports,Airlines,105059
954,PHL,OO,10,32.9,Airports,Airlines,530182
955,PHL,UA,3627,14.350151640474222,Airports,Airlines,462086
956,PHL,US,19931,9.89318147609252,Airports,Airlines,194223
957,PHL,WN,7965,12.17639673571877,Airports,Airlines,1138350
958,PHX,AA,28009,7.222678424792031,Airports,Airlines,636554
959,PHX,AS,2269,-0.9678272366681356,Airports,Airlines,157025
960,PHX,B6,653,17.690658499234303,Airports,Airlines,240304
961,PHX,DL,6883,4.3158506465204125,Airports,Airlines,794817
962,PHX,EV,8,3.375,Airports,Airlines,509621
963,PHX,F9,1851,15.17233927606699,Airports,Airlines,82005
964,PHX,HA,333,0.3693693693693693,Airports,Airlines,69815
965,PHX,NK,938,14.756929637526651,Airports,Airlines,105059
966,PHX,OO,18281,5.355943329139544,Airports,Airlines,530182
967,PHX,UA,5411,9.844760672703751,Airports,Airlines,462086
968,PHX,US,27564,6.166630387461907,Airports,Airlines,194223
969,PHX,WN,53352,12.211875843454791,Airports,Airlines,1138350
970,PIA,EV,2455,8.953971486761711,Airports,Airlines,509621
971,PIA,MQ,1747,5.958786491127648,Airports,Airlines,257130
972,PIA,OO,288,10.822916666666666,Airports,Airlines,530182
973,PIB,EV,563,7.673179396092363,Airports,Airlines,509621
974,PIH,OO,652,-1.3282208588957056,Airports,Airlines,530182
975,PIT,AA,3270,4.059021406727829,Airports,Airlines,636554
976,PIT,B6,1467,4.276073619631902,Airports,Airlines,240304
977,PIT,DL,3474,6.965745538284399,Airports,Airlines,794817
978,PIT,EV,1305,8.460536398467433,Airports,Airlines,509621
979,PIT,MQ,567,13.068783068783068,Airports,Airlines,257130
980,PIT,OO,465,10.23010752688172,Airports,Airlines,530182
981,PIT,UA,2236,9.347495527728086,Airports,Airlines,462086
982,PIT,US,2312,3.241349480968858,Airports,Airlines,194223
983,PIT,WN,8573,6.825032077452467,Airports,Airlines,1138350
984,PLN,OO,730,10.424657534246576,Airports,Airlines,530182
985,PNS,AA,305,20.911475409836065,Airports,Airlines,636554
986,PNS,DL,2250,5.229777777777778,Airports,Airlines,794817
987,PNS,EV,1769,6.193894855850763,Airports,Airlines,509621
988,PNS,MQ,1128,8.273936170212766,Airports,Airlines,257130
989,PNS,WN,951,10.032597266035753,Airports,Airlines,1138350
990,PPG,HA,106,15.179245283018869,Airports,Airlines,69815
991,PSC,DL,304,0.7861842105263158,Airports,Airlines,794817
992,PSC,OO,2090,2.969377990430622,Airports,Airlines,530182
993,PSE,B6,738,2.734417344173442,Airports,Airlines,240304
994,PSG,AS,652,3.5690184049079754,Airports,Airlines,157025
995,PSP,AA,951,6.993690851735016,Airports,Airlines,636554
996,PSP,AS,1621,0.5977791486736582,Airports,Airlines,157025
997,PSP,DL,153,15.320261437908496,Airports,Airlines,794817
998,PSP,F9,4,7.0,Airports,Airlines,82005
999,PSP,OO,5470,9.660694698354662,Airports,Airlines,530182
1000,PSP,UA,456,10.333333333333334,Airports,Airlines,462086
1001,PSP,VX,210,14.452380952380953,Airports,Airlines,55813
1002,PUB,OO,253,1.8932806324110671,Airports,Airlines,530182
1003,PVD,AA,776,2.5747422680412373,Airports,Airlines,636554
1004,PVD,B6,971,6.712667353244078,Airports,Airlines,240304
1005,PVD,DL,1454,6.2214580467675376,Airports,Airlines,794817
1006,PVD,EV,1018,10.795677799607072,Airports,Airlines,509621
1007,PVD,OO,37,1.864864864864865,Airports,Airlines,530182
1008,PVD,UA,110,9.127272727272729,Airports,Airlines,462086
1009,PVD,US,570,4.803508771929825,Airports,Airlines,194223
1010,PVD,WN,5821,8.296856210273148,Airports,Airlines,1138350
1011,PWM,AA,192,2.1510416666666665,Airports,Airlines,636554
1012,PWM,B6,1139,9.68217734855136,Airports,Airlines,240304
1013,PWM,DL,666,10.57807807807808,Airports,Airlines,794817
1014,PWM,EV,1369,11.051862673484296,Airports,Airlines,509621
1015,PWM,US,172,3.0232558139534884,Airports,Airlines,194223
1016,PWM,WN,991,8.34409687184662,Airports,Airlines,1138350
1017,RAP,DL,170,5.476470588235294,Airports,Airlines,794817
1018,RAP,EV,313,12.59744408945687,Airports,Airlines,509621
1019,RAP,MQ,481,4.234927234927235,Airports,Airlines,257130
1020,RAP,OO,2233,4.5911330049261085,Airports,Airlines,530182
1021,RDD,OO,706,6.471671388101983,Airports,Airlines,530182
1022,RDM,OO,2119,4.054270882491742,Airports,Airlines,530182
1023,RDU,AA,5293,8.170413754014737,Airports,Airlines,636554
1024,RDU,AS,60,6.55,Airports,Airlines,157025
1025,RDU,B6,2529,9.725978647686834,Airports,Airlines,240304
1026,RDU,DL,5069,8.128822252909844,Airports,Airlines,794817
1027,RDU,EV,2406,11.983790523690772,Airports,Airlines,509621
1028,RDU,F9,731,11.347469220246236,Airports,Airlines,82005
1029,RDU,MQ,2274,16.086631486367633,Airports,Airlines,257130
1030,RDU,OO,296,14.432432432432432,Airports,Airlines,530182
1031,RDU,UA,1490,18.36711409395973,Airports,Airlines,462086
1032,RDU,US,1698,4.839811542991755,Airports,Airlines,194223
1033,RDU,WN,9228,8.3123103597746,Airports,Airlines,1138350
1034,RHI,OO,937,2.4151547491995733,Airports,Airlines,530182
1035,RIC,AA,1446,11.072614107883815,Airports,Airlines,636554
1036,RIC,B6,2072,4.670849420849421,Airports,Airlines,240304
1037,RIC,DL,2565,9.590643274853802,Airports,Airlines,794817
1038,RIC,EV,5081,12.89706750639638,Airports,Airlines,509621
1039,RIC,MQ,1376,14.602470930232558,Airports,Airlines,257130
1040,RIC,OO,80,17.0625,Airports,Airlines,530182
1041,RIC,UA,301,14.76079734219269,Airports,Airlines,462086
1042,RIC,US,664,2.316265060240964,Airports,Airlines,194223
1043,RIC,WN,1302,6.890937019969278,Airports,Airlines,1138350
1044,RKS,OO,670,4.640298507462687,Airports,Airlines,530182
1045,RNO,AA,1608,8.91542288557214,Airports,Airlines,636554
1046,RNO,B6,166,18.5,Airports,Airlines,240304
1047,RNO,DL,929,1.0624327233584498,Airports,Airlines,794817
1048,RNO,OO,2628,11.184931506849315,Airports,Airlines,530182
1049,RNO,UA,791,3.350189633375474,Airports,Airlines,462086
1050,RNO,US,567,2.3932980599647267,Airports,Airlines,194223
1051,RNO,WN,6162,7.947257383966245,Airports,Airlines,1138350
1052,ROA,DL,385,7.698701298701299,Airports,Airlines,794817
1053,ROA,EV,1832,10.38264192139738,Airports,Airlines,509621
1054,ROC,AA,153,2.130718954248366,Airports,Airlines,636554
1055,ROC,B6,1070,5.391588785046729,Airports,Airlines,240304
1056,ROC,DL,1221,8.775593775593775,Airports,Airlines,794817
1057,ROC,EV,1443,6.643104643104643,Airports,Airlines,509621
1058,ROC,MQ,896,7.988839285714286,Airports,Airlines,257130
1059,ROC,UA,403,10.8287841191067,Airports,Airlines,462086
1060,ROC,US,154,6.720779220779221,Airports,Airlines,194223
1061,ROC,WN,1900,8.473157894736842,Airports,Airlines,1138350
1062,ROW,EV,6,31.666666666666668,Airports,Airlines,509621
1063,ROW,MQ,909,7.573157315731573,Airports,Airlines,257130
1064,RST,EV,682,8.888563049853373,Airports,Airlines,509621
1065,RST,MQ,1253,6.154030327214684,Airports,Airlines,257130
1066,RST,OO,36,12.13888888888889,Airports,Airlines,530182
1067,RSW,AA,2803,6.115590438815555,Airports,Airlines,636554
1068,RSW,B6,3935,14.584498094027952,Airports,Airlines,240304
1069,RSW,DL,5485,4.631540565177757,Airports,Airlines,794817
1070,RSW,EV,53,7.584905660377358,Airports,Airlines,509621
1071,RSW,F9,1340,14.046268656716418,Airports,Airlines,82005
1072,RSW,NK,2184,14.71382783882784,Airports,Airlines,105059
1073,RSW,OO,47,21.78723404255319,Airports,Airlines,530182
1074,RSW,UA,2330,6.354935622317597,Airports,Airlines,462086
1075,RSW,US,1801,3.6896168795113824,Airports,Airlines,194223
1076,RSW,WN,6960,8.571264367816092,Airports,Airlines,1138350
1077,SAF,EV,512,11.625,Airports,Airlines,509621
1078,SAF,MQ,705,6.93758865248227,Airports,Airlines,257130
1079,SAF,OO,218,13.288990825688073,Airports,Airlines,530182
1080,SAN,AA,6442,5.854082583048743,Airports,Airlines,636554
1081,SAN,AS,5116,-1.2341673182173574,Airports,Airlines,157025
1082,SAN,B6,1237,13.91754244139046,Airports,Airlines,240304
1083,SAN,DL,5824,2.99845467032967,Airports,Airlines,794817
1084,SAN,F9,742,4.1455525606469,Airports,Airlines,82005
1085,SAN,HA,334,3.329341317365269,Airports,Airlines,69815
1086,SAN,NK,1806,7.950719822812846,Airports,Airlines,105059
1087,SAN,OO,6336,6.351641414141414,Airports,Airlines,530182
1088,SAN,UA,7592,10.906743940990516,Airports,Airlines,462086
1089,SAN,US,1697,2.969357690041249,Airports,Airlines,194223
1090,SAN,VX,1726,11.594438006952492,Airports,Airlines,55813
1091,SAN,WN,30418,11.284371096061545,Airports,Airlines,1138350
1092,SAT,AA,5103,5.826964530668234,Airports,Airlines,636554
1093,SAT,AS,333,-0.8318318318318318,Airports,Airlines,157025
1094,SAT,DL,2977,4.581457843466577,Airports,Airlines,794817
1095,SAT,EV,777,8.62934362934363,Airports,Airlines,509621
1096,SAT,MQ,96,15.34375,Airports,Airlines,257130
1097,SAT,OO,3427,9.73533702947184,Airports,Airlines,530182
1098,SAT,UA,2667,8.529433820772404,Airports,Airlines,462086
1099,SAT,US,326,4.116564417177914,Airports,Airlines,194223
1100,SAT,WN,13669,8.256346477430682,Airports,Airlines,1138350
1101,SAV,B6,980,15.644897959183671,Airports,Airlines,240304
1102,SAV,DL,3125,6.25408,Airports,Airlines,794817
1103,SAV,EV,2660,14.035714285714286,Airports,Airlines,509621
1104,SAV,MQ,569,10.90158172231986,Airports,Airlines,257130
1105,SAV,OO,38,21.94736842105263,Airports,Airlines,530182
1106,SBA,F9,3,22.33333333333333,Airports,Airlines,82005
1107,SBA,OO,5875,6.43404255319149,Airports,Airlines,530182
1108,SBN,DL,14,3.2142857142857144,Airports,Airlines,794817
1109,SBN,EV,985,11.38274111675127,Airports,Airlines,509621
1110,SBN,OO,3344,11.064294258373206,Airports,Airlines,530182
1111,SBP,OO,3063,6.801175318315377,Airports,Airlines,530182
1112,SCC,AS,816,-0.9497549019607844,Airports,Airlines,157025
1113,SCE,EV,882,8.69047619047619,Airports,Airlines,509621
1114,SDF,AA,288,13.82986111111111,Airports,Airlines,636554
1115,SDF,DL,2660,6.224436090225564,Airports,Airlines,794817
1116,SDF,EV,1989,11.529411764705882,Airports,Airlines,509621
1117,SDF,MQ,682,12.936950146627566,Airports,Airlines,257130
1118,SDF,OO,319,12.13166144200627,Airports,Airlines,530182
1119,SDF,UA,17,-0.2352941176470588,Airports,Airlines,462086
1120,SDF,US,8,-2.5,Airports,Airlines,194223
1121,SDF,WN,3977,7.723912496856927,Airports,Airlines,1138350
1122,SEA,AA,6317,7.1807820167801175,Airports,Airlines,636554
1123,SEA,AS,49806,3.599987953258644,Airports,Airlines,157025
1124,SEA,B6,2115,15.342789598108746,Airports,Airlines,240304
1125,SEA,DL,13506,7.6563009033022364,Airports,Airlines,794817
1126,SEA,F9,791,9.950695322376738,Airports,Airlines,82005
1127,SEA,HA,667,8.574212893553224,Airports,Airlines,69815
1128,SEA,OO,12973,7.377167964233408,Airports,Airlines,530182
1129,SEA,UA,8700,12.868275862068966,Airports,Airlines,462086
1130,SEA,US,1576,4.559010152284264,Airports,Airlines,194223
1131,SEA,VX,2119,11.643227937706463,Airports,Airlines,55813
1132,SEA,WN,11608,11.555478980013785,Airports,Airlines,1138350
1133,SFO,AA,12027,8.852082813669243,Airports,Airlines,636554
1134,SFO,AS,5138,7.8618139353834176,Airports,Airlines,157025
1135,SFO,B6,4880,13.258401639344262,Airports,Airlines,240304
1136,SFO,DL,9634,8.754515258459621,Airports,Airlines,794817
1137,SFO,F9,1937,14.646360351058338,Airports,Airlines,82005
1138,SFO,HA,663,6.521870286576169,Airports,Airlines,69815
1139,SFO,OO,34060,10.308749266001174,Airports,Airlines,530182
1140,SFO,UA,44984,14.245331673483904,Airports,Airlines,462086
1141,SFO,US,2587,2.13838422883649,Airports,Airlines,194223
1142,SFO,VX,15824,8.39414812942366,Airports,Airlines,55813
1143,SFO,WN,13757,11.930071963364105,Airports,Airlines,1138350
1144,SGF,DL,333,3.333333333333333,Airports,Airlines,794817
1145,SGF,EV,1541,12.793640493186242,Airports,Airlines,509621
1146,SGF,MQ,3469,10.325742288844047,Airports,Airlines,257130
1147,SGF,OO,692,9.690751445086706,Airports,Airlines,530182
1148,SGU,OO,1770,3.523728813559322,Airports,Airlines,530182
1149,SHV,DL,270,7.544444444444444,Airports,Airlines,794817
1150,SHV,EV,5124,10.244340359094457,Airports,Airlines,509621
1151,SHV,MQ,225,13.617777777777778,Airports,Airlines,257130
1152,SHV,OO,313,9.46964856230032,Airports,Airlines,530182
1153,SIT,AS,1210,1.0173553719008264,Airports,Airlines,157025
1154,SIT,OO,112,-2.75,Airports,Airlines,530182
1155,SJC,AA,2820,4.6634751773049645,Airports,Airlines,636554
1156,SJC,AS,4130,-0.9019370460048426,Airports,Airlines,157025
1157,SJC,B6,492,17.9390243902439,Airports,Airlines,240304
1158,SJC,DL,1312,7.845274390243903,Airports,Airlines,794817
1159,SJC,HA,660,4.024242424242424,Airports,Airlines,69815
1160,SJC,OO,5500,5.143454545454546,Airports,Airlines,530182
1161,SJC,UA,1037,3.6509161041465767,Airports,Airlines,462086
1162,SJC,US,784,0.4196428571428571,Airports,Airlines,194223
1163,SJC,WN,20973,10.21751776093072,Airports,Airlines,1138350
1164,SJT,EV,145,12.958620689655172,Airports,Airlines,509621
1165,SJT,MQ,1405,6.81779359430605,Airports,Airlines,257130
1166,SJU,AA,4656,9.623496563573884,Airports,Airlines,636554
1167,SJU,B6,10235,12.152906692721055,Airports,Airlines,240304
1168,SJU,DL,3000,4.934333333333333,Airports,Airlines,794817
1169,SJU,NK,544,13.553308823529411,Airports,Airlines,105059
1170,SJU,UA,1847,17.634001082837035,Airports,Airlines,462086
1171,SJU,US,1029,8.517978620019436,Airports,Airlines,194223
1172,SJU,WN,3088,4.414183937823834,Airports,Airlines,1138350
1173,SLC,AA,2952,8.009823848238483,Airports,Airlines,636554
1174,SLC,AS,2075,0.0612048192771084,Airports,Airlines,157025
1175,SLC,B6,1370,12.235036496350364,Airports,Airlines,240304
1176,SLC,DL,33202,4.845762303475694,Airports,Airlines,794817
1177,SLC,EV,54,18.314814814814813,Airports,Airlines,509621
1178,SLC,F9,1276,10.419278996865204,Airports,Airlines,82005
1179,SLC,MQ,63,14.174603174603174,Airports,Airlines,257130
1180,SLC,OO,44095,3.1665041387912463,Airports,Airlines,530182
1181,SLC,UA,1406,12.180654338549076,Airports,Airlines,462086
1182,SLC,US,1239,2.18724778046812,Airports,Airlines,194223
1183,SLC,WN,8773,9.347543599680838,Airports,Airlines,1138350
1184,SMF,AA,2155,10.46171693735499,Airports,Airlines,636554
1185,SMF,AS,2099,-1.8932825154835635,Airports,Airlines,157025
1186,SMF,B6,982,8.439918533604889,Airports,Airlines,240304
1187,SMF,DL,1838,7.482045701849837,Airports,Airlines,794817
1188,SMF,HA,334,3.868263473053892,Airports,Airlines,69815
1189,SMF,OO,5945,8.540117746005047,Airports,Airlines,530182
1190,SMF,UA,2205,8.174149659863945,Airports,Airlines,462086
1191,SMF,US,986,4.71501014198783,Airports,Airlines,194223
1192,SMF,WN,20244,8.899130606599487,Airports,Airlines,1138350
1193,SMX,OO,652,8.843558282208589,Airports,Airlines,530182
1194,SNA,AA,4862,4.504113533525298,Airports,Airlines,636554
1195,SNA,AS,3264,-2.6862745098039214,Airports,Airlines,157025
1196,SNA,DL,2533,2.8476115278326097,Airports,Airlines,794817
1197,SNA,F9,764,3.7958115183246073,Airports,Airlines,82005
1198,SNA,OO,2516,7.913751987281399,Airports,Airlines,530182
1199,SNA,UA,4976,10.878215434083602,Airports,Airlines,462086
1200,SNA,US,765,0.8797385620915033,Airports,Airlines,194223
1201,SNA,WN,17028,8.284590086915669,Airports,Airlines,1138350
1202,SPI,EV,329,2.878419452887538,Airports,Airlines,509621
1203,SPI,MQ,234,8.846153846153847,Airports,Airlines,257130
1204,SPI,OO,954,12.053459119496855,Airports,Airlines,530182
1205,SPS,EV,248,10.116935483870968,Airports,Airlines,509621
1206,SPS,MQ,922,6.883947939262473,Airports,Airlines,257130
1207,SRQ,B6,824,18.66868932038835,Airports,Airlines,240304
1208,SRQ,DL,2090,5.933971291866029,Airports,Airlines,794817
1209,SRQ,UA,404,11.086633663366335,Airports,Airlines,462086
1210,STC,OO,77,18.38961038961039,Airports,Airlines,530182
1211,STL,AA,5836,5.84150102810144,Airports,Airlines,636554
1212,STL,AS,398,4.505025125628141,Airports,Airlines,157025
1213,STL,DL,4626,4.138780804150454,Airports,Airlines,794817
1214,STL,EV,3023,9.15547469401257,Airports,Airlines,509621
1215,STL,F9,867,10.622837370242214,Airports,Airlines,82005
1216,STL,MQ,1210,15.681818181818182,Airports,Airlines,257130
1217,STL,OO,1491,10.128101945003351,Airports,Airlines,530182
1218,STL,UA,296,28.76689189189189,Airports,Airlines,462086
1219,STL,US,1077,7.737233054781801,Airports,Airlines,194223
1220,STL,WN,27357,10.868918375552877,Airports,Airlines,1138350
1221,STT,AA,1361,14.23806024981631,Airports,Airlines,636554
1222,STT,B6,842,6.977434679334917,Airports,Airlines,240304
1223,STT,DL,927,6.713052858683927,Airports,Airlines,794817
1224,STT,NK,305,13.809836065573773,Airports,Airlines,105059
1225,STT,UA,446,18.121076233183857,Airports,Airlines,462086
1226,STT,US,290,8.462068965517242,Airports,Airlines,194223
1227,STX,AA,543,7.241252302025782,Airports,Airlines,636554
1228,STX,B6,332,7.466867469879518,Airports,Airlines,240304
1229,STX,DL,36,9.88888888888889,Airports,Airlines,794817
1230,STX,US,21,18.952380952380956,Airports,Airlines,194223
1231,SUN,OO,867,4.306805074971165,Airports,Airlines,530182
1232,SUX,MQ,589,9.6383701188455,Airports,Airlines,257130
1233,SWF,B6,659,9.811836115326251,Airports,Airlines,240304
1234,SWF,EV,19,21.94736842105263,Airports,Airlines,509621
1235,SYR,AA,271,0.4428044280442804,Airports,Airlines,636554
1236,SYR,B6,1310,6.391603053435115,Airports,Airlines,240304
1237,SYR,DL,1140,5.021052631578947,Airports,Airlines,794817
1238,SYR,EV,1229,6.315703824247356,Airports,Airlines,509621
1239,SYR,MQ,1063,9.96519285042333,Airports,Airlines,257130
1240,SYR,OO,118,12.483050847457626,Airports,Airlines,530182
1241,SYR,US,316,-0.6107594936708861,Airports,Airlines,194223
1242,TLH,DL,1235,3.7481781376518217,Airports,Airlines,794817
1243,TLH,EV,1200,12.328333333333331,Airports,Airlines,509621
1244,TLH,MQ,706,4.8229461756373935,Airports,Airlines,257130
1245,TOL,MQ,897,3.888517279821627,Airports,Airlines,257130
1246,TPA,AA,8100,7.146913580246913,Airports,Airlines,636554
1247,TPA,AS,333,7.126126126126126,Airports,Airlines,157025
1248,TPA,B6,5398,15.765468692108188,Airports,Airlines,240304
1249,TPA,DL,10318,8.349583252568328,Airports,Airlines,794817
1250,TPA,F9,1522,18.920499342969777,Airports,Airlines,82005
1251,TPA,NK,2570,16.125291828793774,Airports,Airlines,105059
1252,TPA,UA,5759,10.186143427678417,Airports,Airlines,462086
1253,TPA,US,3499,3.834238353815376,Airports,Airlines,194223
1254,TPA,WN,25578,10.320900774102745,Airports,Airlines,1138350
1255,TRI,DL,476,2.6911764705882355,Airports,Airlines,794817
1256,TRI,EV,1430,6.876923076923077,Airports,Airlines,509621
1257,TTN,F9,2771,14.199927823890292,Airports,Airlines,82005
1258,TUL,AA,2273,5.851297844258689,Airports,Airlines,636554
1259,TUL,DL,1036,4.424710424710424,Airports,Airlines,794817
1260,TUL,EV,3326,5.309681298857487,Airports,Airlines,509621
1261,TUL,MQ,1375,12.754909090909091,Airports,Airlines,257130
1262,TUL,OO,1483,8.372218476062036,Airports,Airlines,530182
1263,TUL,UA,150,10.4,Airports,Airlines,462086
1264,TUL,VX,1,113.0,Airports,Airlines,55813
1265,TUL,WN,4057,9.003697313285679,Airports,Airlines,1138350
1266,TUS,AA,2717,4.842841369157159,Airports,Airlines,636554
1267,TUS,AS,346,-4.88728323699422,Airports,Airlines,157025
1268,TUS,DL,791,3.1289506953223767,Airports,Airlines,794817
1269,TUS,EV,522,6.432950191570881,Airports,Airlines,509621
1270,TUS,OO,6321,5.863312766967252,Airports,Airlines,530182
1271,TUS,UA,53,15.924528301886792,Airports,Airlines,462086
1272,TUS,US,3,23.0,Airports,Airlines,194223
1273,TUS,WN,4169,7.357639721755817,Airports,Airlines,1138350
1274,TVC,DL,425,1.1552941176470588,Airports,Airlines,794817
1275,TVC,EV,856,7.158878504672897,Airports,Airlines,509621
1276,TVC,MQ,1040,4.95,Airports,Airlines,257130
1277,TVC,OO,339,5.008849557522124,Airports,Airlines,530182
1278,TWF,OO,805,-0.8757763975155279,Airports,Airlines,530182
1279,TXK,EV,447,3.588366890380313,Airports,Airlines,509621
1280,TXK,MQ,471,5.86624203821656,Airports,Airlines,257130
1281,TYR,EV,1639,4.957291031116535,Airports,Airlines,509621
1282,TYR,MQ,560,12.842857142857143,Airports,Airlines,257130
1283,TYS,DL,928,4.2844827586206895,Airports,Airlines,794817
1284,TYS,EV,4811,10.711702348784035,Airports,Airlines,509621
1285,TYS,F9,103,9.699029126213592,Airports,Airlines,82005
1286,TYS,MQ,839,15.418355184743742,Airports,Airlines,257130
1287,TYS,OO,73,25.78082191780822,Airports,Airlines,530182
1288,UST,F9,144,16.368055555555557,Airports,Airlines,82005
1289,VEL,OO,200,-3.74,Airports,Airlines,530182
1290,VLD,EV,925,7.317837837837838,Airports,Airlines,509621
1291,VPS,DL,1753,6.779235596120936,Airports,Airlines,794817
1292,VPS,EV,2454,10.78158109209454,Airports,Airlines,509621
1293,VPS,MQ,473,13.471458773784356,Airports,Airlines,257130
1294,VPS,OO,64,13.78125,Airports,Airlines,530182
1295,WRG,AS,649,2.953775038520801,Airports,Airlines,157025
1296,WYS,OO,208,1.375,Airports,Airlines,530182
1297,XNA,AA,18,-7.055555555555555,Airports,Airlines,636554
1298,XNA,DL,533,3.4221388367729837,Airports,Airlines,794817
1299,XNA,EV,2919,9.768413840356288,Airports,Airlines,509621
1300,XNA,MQ,4241,15.33199717047866,Airports,Airlines,257130
1301,XNA,OO,1252,8.488019169329073,Airports,Airlines,530182
1302,YAK,AS,650,-6.507692307692308,Airports,Airlines,157025
1303,YUM,OO,1854,1.232470334412082,Airports,Airlines,530182
1303,YUM,OO,1854,1.232470334412082,Airports,Airlines,530182
